Application Advisor CLI Version: 1.6.7
com.vmware.tanzu.spring.advisor.exceptions.ControlledException: Could not apply the recipe(s) to upgrade your Spring projects.
	at com.vmware.tanzu.spring.advisor.exceptions.ErrorDetectorManager.detectException(ErrorDetectorManager.java:41)
	at com.vmware.tanzu.spring.advisor.cli.upgradeplan.runner.UpgradePlanRunner.runUpgrade(UpgradePlanRunner.java:66)
	at com.vmware.tanzu.spring.advisor.cli.upgradeplan.UpgradePlanApplyCommand.runUpgrade(UpgradePlanApplyCommand.java:220)
	at com.vmware.tanzu.spring.advisor.cli.upgradeplan.UpgradePlanApplyCommand.runCommand(UpgradePlanApplyCommand.java:182)
	at com.vmware.tanzu.spring.advisor.cli.support.Command.run(Command.java:15)
	at picocli.CommandLine.executeUserObject(CommandLine.java:2045)
	at picocli.CommandLine.access$1500(CommandLine.java:148)
	at picocli.CommandLine$RunLast.executeUserObjectOfLastSubcommandWithSameParent(CommandLine.java:2469)
	at picocli.CommandLine$RunLast.handle(CommandLine.java:2461)
	at picocli.CommandLine$RunLast.handle(CommandLine.java:2423)
	at picocli.CommandLine$AbstractParseResultHandler.execute(CommandLine.java:2277)
	at picocli.CommandLine$RunLast.execute(CommandLine.java:2425)
	at picocli.CommandLine.execute(CommandLine.java:2174)
	at com.vmware.tanzu.spring.advisor.cli.support.CommandLineApplicationRunner.run(CommandLineApplicationRunner.java:28)
	at org.springframework.boot.SpringApplication.lambda$callRunner$5(SpringApplication.java:788)
	at org.springframework.util.function.ThrowingConsumer$1.acceptWithException(ThrowingConsumer.java:82)
	at org.springframework.util.function.ThrowingConsumer.accept(ThrowingConsumer.java:60)
	at org.springframework.util.function.ThrowingConsumer$1.accept(ThrowingConsumer.java:86)
	at org.springframework.boot.SpringApplication.callRunner(SpringApplication.java:796)
	at org.springframework.boot.SpringApplication.callRunner(SpringApplication.java:787)
	at org.springframework.boot.SpringApplication.lambda$callRunners$3(SpringApplication.java:772)
	at java.base@25.0.1/java.util.stream.ForEachOps$ForEachOp$OfRef.accept(ForEachOps.java:186)
	at java.base@25.0.1/java.util.stream.SortedOps$SizedRefSortingSink.end(SortedOps.java:357)
	at java.base@25.0.1/java.util.stream.AbstractPipeline.copyInto(AbstractPipeline.java:571)
	at java.base@25.0.1/java.util.stream.AbstractPipeline.wrapAndCopyInto(AbstractPipeline.java:560)
	at java.base@25.0.1/java.util.stream.ForEachOps$ForEachOp.evaluateSequential(ForEachOps.java:153)
	at java.base@25.0.1/java.util.stream.ForEachOps$ForEachOp$OfRef.evaluateSequential(ForEachOps.java:176)
	at java.base@25.0.1/java.util.stream.AbstractPipeline.evaluate(AbstractPipeline.java:265)
	at java.base@25.0.1/java.util.stream.ReferencePipeline.forEach(ReferencePipeline.java:632)
	at org.springframework.boot.SpringApplication.callRunners(SpringApplication.java:772)
	at org.springframework.boot.SpringApplication.run(SpringApplication.java:325)
	at org.springframework.boot.SpringApplication.run(SpringApplication.java:1361)
	at org.springframework.boot.SpringApplication.run(SpringApplication.java:1350)
	at com.vmware.tanzu.spring.advisor.cli.CommandLineApplication.main(CommandLineApplication.java:42)
	at java.base@25.0.1/java.lang.invoke.LambdaForm$DMH/sa346b79c.invokeStaticInit(LambdaForm$DMH)
Caused by: java.lang.RuntimeException: Could not apply the recipe(s) to upgrade your Spring projects. Caused by: Command: [mvn -B process-test-classes org.openrewrite.maven:rewrite-maven-plugin:6.44.0:runNoFork -Drewrite.recipeArtifactCoordinates=com.vmware.tanzu.spring.recipes:java-recipes:1.7.5,com.vmware.tanzu.spring.recipes:rewrite-migrate-java:1.7.5,com.vmware.tanzu.spring.recipes:rewrite-spring:1.7.5,com.vmware.tanzu.spring.recipes:spring-boot-2-upgrade-recipes:1.7.5,com.vmware.tanzu.spring.recipes:spring-boot-3-upgrade-recipes:1.7.5,com.vmware.tanzu.spring.recipes:spring-boot-4-upgrade-recipes:1.7.5 -Drewrite.activeRecipes=com.vmware.tanzu.MainAdvisorRecipe -Drewrite.failOnInvalidActiveRecipes=true -Drewrite.configLocation=/Users/dcaron/Documents/src/spring-io-barcelona-2025-spring-kafka-the-advance-features/repros/02-missing-recipe-bundle/.advisor/44f81a47-8e98-42d3-a2ee-0c501914cdd9-rewrite.yml -X -e -Dorg.slf4j.simpleLogger.defaultLogLevel=debug]

Error:

WARNING: A terminally deprecated method in sun.misc.Unsafe has been called
WARNING: sun.misc.Unsafe::invokeCleaner has been called by nonapi.io.github.classgraph.utils.FileUtils (file:/Users/dcaron/.m2/repository/io/github/classgraph/classgraph/4.8.179/classgraph-4.8.179.jar)
WARNING: Please consider reporting this to the maintainers of class nonapi.io.github.classgraph.utils.FileUtils
WARNING: sun.misc.Unsafe::invokeCleaner will be removed in a future release


Output:

Apache Maven 3.9.16 (2bdd9fddda4b155ebf8000e807eb73fd829a51d5)
Maven home: /Users/dcaron/.sdkman/candidates/maven/current
Java version: 25.0.3, vendor: BellSoft, runtime: /Users/dcaron/.sdkman/candidates/java/25.0.3-librca
Default locale: en_NL, platform encoding: UTF-8
OS name: "mac os x", version: "26.6.2", arch: "x86_64", family: "mac"
[DEBUG] Created new class realm maven.api
[DEBUG] Importing foreign packages into class realm maven.api
[DEBUG]   Imported: javax.annotation.* < plexus.core
[DEBUG]   Imported: javax.annotation.security.* < plexus.core
[DEBUG]   Imported: javax.inject.* < plexus.core
[DEBUG]   Imported: org.apache.maven.* < plexus.core
[DEBUG]   Imported: org.apache.maven.artifact < plexus.core
[DEBUG]   Imported: org.apache.maven.classrealm < plexus.core
[DEBUG]   Imported: org.apache.maven.cli < plexus.core
[DEBUG]   Imported: org.apache.maven.configuration < plexus.core
[DEBUG]   Imported: org.apache.maven.exception < plexus.core
[DEBUG]   Imported: org.apache.maven.execution < plexus.core
[DEBUG]   Imported: org.apache.maven.execution.scope < plexus.core
[DEBUG]   Imported: org.apache.maven.graph < plexus.core
[DEBUG]   Imported: org.apache.maven.lifecycle < plexus.core
[DEBUG]   Imported: org.apache.maven.model < plexus.core
[DEBUG]   Imported: org.apache.maven.monitor < plexus.core
[DEBUG]   Imported: org.apache.maven.plugin < plexus.core
[DEBUG]   Imported: org.apache.maven.profiles < plexus.core
[DEBUG]   Imported: org.apache.maven.project < plexus.core
[DEBUG]   Imported: org.apache.maven.reporting < plexus.core
[DEBUG]   Imported: org.apache.maven.repository < plexus.core
[DEBUG]   Imported: org.apache.maven.rtinfo < plexus.core
[DEBUG]   Imported: org.apache.maven.settings < plexus.core
[DEBUG]   Imported: org.apache.maven.toolchain < plexus.core
[DEBUG]   Imported: org.apache.maven.usability < plexus.core
[DEBUG]   Imported: org.apache.maven.wagon.* < plexus.core
[DEBUG]   Imported: org.apache.maven.wagon.authentication < plexus.core
[DEBUG]   Imported: org.apache.maven.wagon.authorization < plexus.core
[DEBUG]   Imported: org.apache.maven.wagon.events < plexus.core
[DEBUG]   Imported: org.apache.maven.wagon.observers < plexus.core
[DEBUG]   Imported: org.apache.maven.wagon.proxy < plexus.core
[DEBUG]   Imported: org.apache.maven.wagon.repository < plexus.core
[DEBUG]   Imported: org.apache.maven.wagon.resource < plexus.core
[DEBUG]   Imported: org.codehaus.classworlds < plexus.core
[DEBUG]   Imported: org.codehaus.plexus.* < plexus.core
[DEBUG]   Imported: org.codehaus.plexus.classworlds < plexus.core
[DEBUG]   Imported: org.codehaus.plexus.component < plexus.core
[DEBUG]   Imported: org.codehaus.plexus.configuration < plexus.core
[DEBUG]   Imported: org.codehaus.plexus.container < plexus.core
[DEBUG]   Imported: org.codehaus.plexus.context < plexus.core
[DEBUG]   Imported: org.codehaus.plexus.lifecycle < plexus.core
[DEBUG]   Imported: org.codehaus.plexus.logging < plexus.core
[DEBUG]   Imported: org.codehaus.plexus.personality < plexus.core
[DEBUG]   Imported: org.codehaus.plexus.util.xml.Xpp3Dom < plexus.core
[DEBUG]   Imported: org.codehaus.plexus.util.xml.pull.XmlPullParser < plexus.core
[DEBUG]   Imported: org.codehaus.plexus.util.xml.pull.XmlPullParserException < plexus.core
[DEBUG]   Imported: org.codehaus.plexus.util.xml.pull.XmlSerializer < plexus.core
[DEBUG]   Imported: org.eclipse.aether.* < plexus.core
[DEBUG]   Imported: org.eclipse.aether.artifact < plexus.core
[DEBUG]   Imported: org.eclipse.aether.collection < plexus.core
[DEBUG]   Imported: org.eclipse.aether.deployment < plexus.core
[DEBUG]   Imported: org.eclipse.aether.graph < plexus.core
[DEBUG]   Imported: org.eclipse.aether.impl < plexus.core
[DEBUG]   Imported: org.eclipse.aether.installation < plexus.core
[DEBUG]   Imported: org.eclipse.aether.internal.impl < plexus.core
[DEBUG]   Imported: org.eclipse.aether.metadata < plexus.core
[DEBUG]   Imported: org.eclipse.aether.repository < plexus.core
[DEBUG]   Imported: org.eclipse.aether.resolution < plexus.core
[DEBUG]   Imported: org.eclipse.aether.spi < plexus.core
[DEBUG]   Imported: org.eclipse.aether.transfer < plexus.core
[DEBUG]   Imported: org.eclipse.aether.util < plexus.core
[DEBUG]   Imported: org.eclipse.aether.version < plexus.core
[DEBUG]   Imported: org.fusesource.jansi.* < plexus.core
[DEBUG]   Imported: org.slf4j.* < plexus.core
[DEBUG]   Imported: org.slf4j.event.* < plexus.core
[DEBUG]   Imported: org.slf4j.helpers.* < plexus.core
[DEBUG]   Imported: org.slf4j.spi.* < plexus.core
[DEBUG] Populating class realm maven.api
[DEBUG] Created adapter factory; available factories [file-lock, rwlock-local, semaphore-local, noop]; available name mappers [discriminating, file-gaecv, file-gav, file-hgaecv, file-hgav, file-static, gaecv, gav, static]
[INFO] Error stacktraces are turned on.
[DEBUG] Message scheme: plain
[DEBUG] Reading global settings from /Users/dcaron/.sdkman/candidates/maven/current/conf/settings.xml
[DEBUG] Reading user settings from /Users/dcaron/.m2/settings.xml
[DEBUG] Reading global toolchains from /Users/dcaron/.sdkman/candidates/maven/current/conf/toolchains.xml
[DEBUG] Reading user toolchains from /Users/dcaron/.m2/toolchains.xml
[DEBUG] Using local repository at /Users/dcaron/.m2/repository
[DEBUG] Using manager EnhancedLocalRepositoryManager with priority 10.0 for /Users/dcaron/.m2/repository
[INFO] Scanning for projects...
[DEBUG] Creating adapter using nameMapper 'gaecv' and factory 'rwlock-local'
[DEBUG] Extension realms for project com.example:missing-recipe-repro-parent:pom:0.0.1-SNAPSHOT: (none)
[DEBUG] Looking up lifecycle mappings for packaging pom from ClassRealm[plexus.core, parent: null]
[DEBUG] Extension realms for project org.springframework.boot:spring-boot-starter-parent:pom:3.5.16: (none)
[DEBUG] Looking up lifecycle mappings for packaging pom from ClassRealm[plexus.core, parent: null]
[DEBUG] Extension realms for project org.springframework.boot:spring-boot-dependencies:pom:3.5.16: (none)
[DEBUG] Looking up lifecycle mappings for packaging pom from ClassRealm[plexus.core, parent: null]
[DEBUG] Extension realms for project com.example:missing-recipe-repro-app:jar:0.0.1-SNAPSHOT: (none)
[DEBUG] Looking up lifecycle mappings for packaging jar from ClassRealm[plexus.core, parent: null]
[INFO] ------------------------------------------------------------------------
[INFO] Reactor Build Order:
[INFO] 
[INFO] missing-recipe-repro-parent                                        [pom]
[INFO] missing-recipe-repro-app                                           [jar]
[DEBUG] === REACTOR BUILD PLAN ================================================
[DEBUG] Project: com.example:missing-recipe-repro-parent:pom:0.0.1-SNAPSHOT
[DEBUG] Tasks:   [process-test-classes, org.openrewrite.maven:rewrite-maven-plugin:6.44.0:runNoFork]
[DEBUG] Style:   Regular
[DEBUG] -----------------------------------------------------------------------
[DEBUG] Project: com.example:missing-recipe-repro-app:jar:0.0.1-SNAPSHOT
[DEBUG] Tasks:   [process-test-classes, org.openrewrite.maven:rewrite-maven-plugin:6.44.0:runNoFork]
[DEBUG] Style:   Regular
[DEBUG] =======================================================================
[INFO] 
[INFO] --------------< com.example:missing-recipe-repro-parent >---------------
[INFO] Building missing-recipe-repro-parent 0.0.1-SNAPSHOT                [1/2]
[INFO]   from pom.xml
[INFO] --------------------------------[ pom ]---------------------------------
[DEBUG] Lifecycle clean -> [pre-clean, clean, post-clean]
[DEBUG] Lifecycle default -> [validate, initialize, generate-sources, process-sources, generate-resources, process-resources, compile, process-classes, generate-test-sources, process-test-sources, generate-test-resources, process-test-resources, test-compile, process-test-classes, test, prepare-package, package, pre-integration-test, integration-test, post-integration-test, verify, install, deploy]
[DEBUG] Lifecycle site -> [pre-site, site, post-site, site-deploy]
[DEBUG] Lifecycle clean -> [pre-clean, clean, post-clean]
[DEBUG] Lifecycle default -> [validate, initialize, generate-sources, process-sources, generate-resources, process-resources, compile, process-classes, generate-test-sources, process-test-sources, generate-test-resources, process-test-resources, test-compile, process-test-classes, test, prepare-package, package, pre-integration-test, integration-test, post-integration-test, verify, install, deploy]
[DEBUG] Lifecycle site -> [pre-site, site, post-site, site-deploy]
[DEBUG] === PROJECT BUILD PLAN ================================================
[DEBUG] Project:       com.example:missing-recipe-repro-parent:0.0.1-SNAPSHOT
[DEBUG] Dependencies (collect): []
[DEBUG] Dependencies (resolve): [test]
[DEBUG] Repositories (dependencies): [spring-enterprise-subscription (https://packages.broadcom.com/artifactory/tanzu-maven/, default, releases+snapshots), central (https://repo.maven.apache.org/maven2, default, releases)]
[DEBUG] Repositories (plugins)     : [spring-enterprise-subscription (https://packages.broadcom.com/artifactory/tanzu-maven/, default, releases+snapshots), central (https://repo.maven.apache.org/maven2, default, releases)]
[DEBUG] -----------------------------------------------------------------------
[DEBUG] Goal:          org.openrewrite.maven:rewrite-maven-plugin:6.44.0:runNoFork (default-cli)
[DEBUG] Style:         Regular
[DEBUG] Configuration: <?xml version="1.0" encoding="UTF-8"?>
<configuration>
  <activeRecipes>${rewrite.activeRecipes}</activeRecipes>
  <activeStyles>${rewrite.activeStyles}</activeStyles>
  <additionalPlainTextMasks>${rewrite.additionalPlainTextMasks}</additionalPlainTextMasks>
  <checkstyleConfigFile>${rewrite.checkstyleConfigFile}</checkstyleConfigFile>
  <checkstyleDetectionEnabled default-value="true">${rewrite.checkstyleDetectionEnabled}</checkstyleDetectionEnabled>
  <configLocation default-value="${maven.multiModuleProjectDirectory}/rewrite.yml">${rewrite.configLocation}</configLocation>
  <exclusions>${rewrite.exclusions}</exclusions>
  <exportDatatables default-value="false">${rewrite.exportDatatables}</exportDatatables>
  <failOnInvalidActiveRecipes default-value="false">${rewrite.failOnInvalidActiveRecipes}</failOnInvalidActiveRecipes>
  <mavenSession default-value="${session}"/>
  <options>${rewrite.options}</options>
  <plainTextMasks>${rewrite.plainTextMasks}</plainTextMasks>
  <pluginDescriptor default-value="${plugin}"/>
  <pomCacheDirectory>${rewrite.pomCacheDirectory}</pomCacheDirectory>
  <pomCacheEnabled default-value="true">${rewrite.pomCacheEnabled}</pomCacheEnabled>
  <project default-value="${project}"/>
  <recipeArtifactCoordinates>${rewrite.recipeArtifactCoordinates}</recipeArtifactCoordinates>
  <recipeChangeLogLevel default-value="WARN">${rewrite.recipeChangeLogLevel}</recipeChangeLogLevel>
  <resolvePropertiesInYaml default-value="true">${rewrite.resolvePropertiesInYaml}</resolvePropertiesInYaml>
  <rewriteSkip default-value="false">${rewrite.skip}</rewriteSkip>
  <runPerSubmodule default-value="false">${rewrite.runPerSubmodule}</runPerSubmodule>
  <sizeThresholdMb default-value="10">${sizeThresholdMb}</sizeThresholdMb>
  <skipMavenParsing default-value="false">${skipMavenParsing}</skipMavenParsing>
</configuration>
[DEBUG] =======================================================================
[DEBUG] Dependency collection stats {ConflictMarker.analyzeTime=33902, ConflictMarker.markTime=45667, ConflictMarker.nodeCount=1, ConflictIdSorter.graphTime=12069, ConflictIdSorter.topsortTime=408815, ConflictIdSorter.conflictIdCount=0, ConflictIdSorter.conflictIdCycleCount=0, ConflictResolver.totalTime=1074162, ConflictResolver.conflictItemCount=0, DfDependencyCollector.collectTime=103482, DfDependencyCollector.transformTime=2923851}
[DEBUG] com.example:missing-recipe-repro-parent:pom:0.0.1-SNAPSHOT
[INFO] 
[INFO] --- rewrite:6.44.0:runNoFork (default-cli) @ missing-recipe-repro-parent ---
[DEBUG] Using mirror maven-default-http-blocker (http://0.0.0.0/) for ow2-snapshot (http://repository.ow2.org/nexus/content/repositories/snapshots).
[DEBUG] Dependency collection stats {ConflictMarker.analyzeTime=2474645, ConflictMarker.markTime=589713, ConflictMarker.nodeCount=333, ConflictIdSorter.graphTime=670875, ConflictIdSorter.topsortTime=102002, ConflictIdSorter.conflictIdCount=79, ConflictIdSorter.conflictIdCycleCount=0, ConflictResolver.totalTime=8736734, ConflictResolver.conflictItemCount=234, DfDependencyCollector.collectTime=327115714, DfDependencyCollector.transformTime=12611705}
[DEBUG] org.openrewrite.maven:rewrite-maven-plugin:jar:6.44.0
[DEBUG]    org.openrewrite:rewrite-java:jar:8.87.0:compile
[DEBUG]       org.openrewrite:rewrite-core:jar:8.87.0:compile (version managed from default)
[DEBUG]          org.openrewrite.tools:jgit:jar:1.4.2:compile
[DEBUG]             com.googlecode.javaewah:JavaEWAH:jar:1.1.13:runtime
[DEBUG]          com.fasterxml.jackson.core:jackson-core:jar:2.21.5:compile (version managed from default)
[DEBUG]          com.fasterxml.jackson.core:jackson-databind:jar:2.21.5:compile (version managed from default)
[DEBUG]          com.fasterxml.jackson.module:jackson-module-parameter-names:jar:2.21.5:compile (version managed from default)
[DEBUG]          com.fasterxml.jackson.datatype:jackson-datatype-jsr310:jar:2.21.5:compile (version managed from default)
[DEBUG]          org.openrewrite.tools:java-object-diff:jar:1.0.1:runtime
[DEBUG]          io.quarkus.gizmo:gizmo:jar:1.0.11.Final:runtime
[DEBUG]             org.jboss:jandex:jar:2.4.2.Final:runtime
[DEBUG]          org.ow2.asm:asm-tree:jar:9.10.1:runtime
[DEBUG]          org.ow2.asm:asm-analysis:jar:9.10.1:runtime
[DEBUG]          net.java.dev.jna:jna-platform:jar:5.19.1:runtime
[DEBUG]             net.java.dev.jna:jna:jar:5.19.1:runtime
[DEBUG]          com.univocity:univocity-parsers:jar:2.9.1:runtime
[DEBUG]          org.yaml:snakeyaml:jar:2.6:runtime
[DEBUG]          org.objenesis:objenesis:jar:3.5:runtime
[DEBUG]       org.openrewrite:rewrite-yaml:jar:8.87.0:compile (version managed from default)
[DEBUG]       org.jetbrains:annotations:jar:26.1.0:compile
[DEBUG]       com.fasterxml.jackson.core:jackson-annotations:jar:2.21:compile (version managed from default)
[DEBUG]       org.antlr:antlr4-runtime:jar:4.13.2:runtime
[DEBUG]       org.apache.commons:commons-text:jar:1.15.0:runtime
[DEBUG]          org.apache.commons:commons-lang3:jar:3.20.0:runtime
[DEBUG]       io.github.classgraph:classgraph:jar:4.8.184:runtime
[DEBUG]       org.ow2.asm:asm:jar:9.10.1:runtime
[DEBUG]       org.ow2.asm:asm-util:jar:9.10.1:runtime
[DEBUG]       org.openrewrite:rewrite-properties:jar:8.87.0:runtime (version managed from default)
[DEBUG]    org.openrewrite:rewrite-java-8:jar:8.87.0:compile
[DEBUG]       org.openrewrite:rewrite-java-lombok:jar:8.87.0:runtime (version managed from default)
[DEBUG]          org.projectlombok:lombok:jar:1.18.46:runtime
[DEBUG]    org.openrewrite:rewrite-java-11:jar:8.87.0:compile
[DEBUG]    org.openrewrite:rewrite-java-17:jar:8.87.0:compile
[DEBUG]    org.openrewrite:rewrite-java-21:jar:8.87.0:compile
[DEBUG]    org.openrewrite:rewrite-java-25:jar:8.87.0:compile
[DEBUG]    org.openrewrite:rewrite-groovy:jar:8.87.0:compile
[DEBUG]       org.apache.groovy:groovy:jar:4.0.32:runtime
[DEBUG]    org.openrewrite:rewrite-kotlin:jar:8.87.0:compile
[DEBUG]       org.jetbrains.kotlin:kotlin-compiler-embeddable:jar:2.3.20:runtime
[DEBUG]          org.jetbrains.kotlin:kotlin-script-runtime:jar:2.3.20:runtime
[DEBUG]          org.jetbrains.kotlin:kotlin-daemon-embeddable:jar:2.3.20:runtime
[DEBUG]          org.jetbrains.kotlinx:kotlinx-coroutines-core-jvm:jar:1.8.0:runtime
[DEBUG]       org.jetbrains.kotlin:kotlin-reflect:jar:2.3.20:runtime
[DEBUG]       org.jetbrains.kotlin:kotlin-stdlib:jar:2.3.20:runtime
[DEBUG]    org.openrewrite:rewrite-xml:jar:8.87.0:compile
[DEBUG]       com.github.ben-manes.caffeine:caffeine:jar:2.9.3:runtime
[DEBUG]          org.checkerframework:checker-qual:jar:3.19.0:runtime
[DEBUG]          com.google.errorprone:error_prone_annotations:jar:2.10.0:runtime
[DEBUG]    org.openrewrite:rewrite-maven:jar:8.87.0:compile
[DEBUG]       io.moderne:jsonrpc:jar:1.0.10:runtime
[DEBUG]       dev.failsafe:failsafe:jar:3.3.2:runtime
[DEBUG]       com.fasterxml.jackson.dataformat:jackson-dataformat-xml:jar:2.21.5:runtime (version managed from default)
[DEBUG]          org.codehaus.woodstox:stax2-api:jar:4.2.2:compile
[DEBUG]          com.fasterxml.woodstox:woodstox-core:jar:7.1.1:compile
[DEBUG]       com.fasterxml.jackson.dataformat:jackson-dataformat-smile:jar:2.21.5:compile (version managed from default)
[DEBUG]       com.fasterxml.jackson.module:jackson-module-jaxb-annotations:jar:2.21.5:runtime (version managed from default)
[DEBUG]          javax.xml.bind:jaxb-api:jar:2.2.12:runtime
[DEBUG]          jakarta.activation:jakarta.activation-api:jar:1.2.2:runtime
[DEBUG]       com.fasterxml.jackson.datatype:jackson-datatype-jdk8:jar:2.21.5:runtime (version managed from default)
[DEBUG]    org.openrewrite:rewrite-polyglot:jar:2.10.11:compile
[DEBUG]       org.openrewrite:rewrite-docker:jar:8.87.0:runtime (version managed from default)
[DEBUG]          com.fasterxml.jackson.dataformat:jackson-dataformat-yaml:jar:2.21.5:runtime (version managed from default)
[DEBUG]       org.openrewrite:rewrite-gradle:jar:8.87.0:runtime (version managed from default)
[DEBUG]       org.openrewrite:rewrite-hcl:jar:8.87.0:runtime (version managed from default)
[DEBUG]       org.openrewrite:rewrite-json:jar:8.87.0:runtime (version managed from default)
[DEBUG]       org.openrewrite:rewrite-protobuf:jar:8.87.0:runtime (version managed from default)
[DEBUG]       org.openrewrite:rewrite-toml:jar:8.87.0:runtime (version managed from default)
[DEBUG]    org.codehaus.plexus:plexus-xml:jar:4.1.1:compile
[DEBUG]       org.apache.maven:maven-xml:jar:4.0.0-rc-5:compile
[DEBUG]          org.apache.maven:maven-api-xml:jar:4.0.0-rc-5:provided (scope managed from default) (version managed from default)
[DEBUG]             org.apache.maven:maven-api-annotations:jar:4.0.0-rc-5:provided
[DEBUG]    io.micrometer:micrometer-core:jar:1.17.0:compile
[DEBUG]       org.jspecify:jspecify:jar:1.0.0:compile
[DEBUG]       io.micrometer:micrometer-commons:jar:1.17.0:compile
[DEBUG]       io.micrometer:micrometer-observation:jar:1.17.0:compile
[DEBUG]       org.hdrhistogram:HdrHistogram:jar:2.2.2:runtime
[DEBUG]    org.rocksdb:rocksdbjni:jar:8.8.1:compile
[DEBUG] Created new class realm plugin>org.openrewrite.maven:rewrite-maven-plugin:6.44.0
[DEBUG] Importing foreign packages into class realm plugin>org.openrewrite.maven:rewrite-maven-plugin:6.44.0
[DEBUG]   Imported:  < maven.api
[DEBUG] Populating class realm plugin>org.openrewrite.maven:rewrite-maven-plugin:6.44.0
[DEBUG]   Included: org.openrewrite.maven:rewrite-maven-plugin:jar:6.44.0
[DEBUG]   Included: org.openrewrite:rewrite-java:jar:8.87.0
[DEBUG]   Included: org.openrewrite:rewrite-core:jar:8.87.0
[DEBUG]   Included: org.openrewrite.tools:jgit:jar:1.4.2
[DEBUG]   Included: com.googlecode.javaewah:JavaEWAH:jar:1.1.13
[DEBUG]   Included: com.fasterxml.jackson.core:jackson-core:jar:2.21.5
[DEBUG]   Included: com.fasterxml.jackson.core:jackson-databind:jar:2.21.5
[DEBUG]   Included: com.fasterxml.jackson.module:jackson-module-parameter-names:jar:2.21.5
[DEBUG]   Included: com.fasterxml.jackson.datatype:jackson-datatype-jsr310:jar:2.21.5
[DEBUG]   Included: org.openrewrite.tools:java-object-diff:jar:1.0.1
[DEBUG]   Included: io.quarkus.gizmo:gizmo:jar:1.0.11.Final
[DEBUG]   Included: org.jboss:jandex:jar:2.4.2.Final
[DEBUG]   Included: org.ow2.asm:asm-tree:jar:9.10.1
[DEBUG]   Included: org.ow2.asm:asm-analysis:jar:9.10.1
[DEBUG]   Included: net.java.dev.jna:jna-platform:jar:5.19.1
[DEBUG]   Included: net.java.dev.jna:jna:jar:5.19.1
[DEBUG]   Included: com.univocity:univocity-parsers:jar:2.9.1
[DEBUG]   Included: org.yaml:snakeyaml:jar:2.6
[DEBUG]   Included: org.objenesis:objenesis:jar:3.5
[DEBUG]   Included: org.openrewrite:rewrite-yaml:jar:8.87.0
[DEBUG]   Included: org.jetbrains:annotations:jar:26.1.0
[DEBUG]   Included: com.fasterxml.jackson.core:jackson-annotations:jar:2.21
[DEBUG]   Included: org.antlr:antlr4-runtime:jar:4.13.2
[DEBUG]   Included: org.apache.commons:commons-text:jar:1.15.0
[DEBUG]   Included: org.apache.commons:commons-lang3:jar:3.20.0
[DEBUG]   Included: io.github.classgraph:classgraph:jar:4.8.184
[DEBUG]   Included: org.ow2.asm:asm:jar:9.10.1
[DEBUG]   Included: org.ow2.asm:asm-util:jar:9.10.1
[DEBUG]   Included: org.openrewrite:rewrite-properties:jar:8.87.0
[DEBUG]   Included: org.openrewrite:rewrite-java-8:jar:8.87.0
[DEBUG]   Included: org.openrewrite:rewrite-java-lombok:jar:8.87.0
[DEBUG]   Included: org.projectlombok:lombok:jar:1.18.46
[DEBUG]   Included: org.openrewrite:rewrite-java-11:jar:8.87.0
[DEBUG]   Included: org.openrewrite:rewrite-java-17:jar:8.87.0
[DEBUG]   Included: org.openrewrite:rewrite-java-21:jar:8.87.0
[DEBUG]   Included: org.openrewrite:rewrite-java-25:jar:8.87.0
[DEBUG]   Included: org.openrewrite:rewrite-groovy:jar:8.87.0
[DEBUG]   Included: org.apache.groovy:groovy:jar:4.0.32
[DEBUG]   Included: org.openrewrite:rewrite-kotlin:jar:8.87.0
[DEBUG]   Included: org.jetbrains.kotlin:kotlin-compiler-embeddable:jar:2.3.20
[DEBUG]   Included: org.jetbrains.kotlin:kotlin-script-runtime:jar:2.3.20
[DEBUG]   Included: org.jetbrains.kotlin:kotlin-daemon-embeddable:jar:2.3.20
[DEBUG]   Included: org.jetbrains.kotlinx:kotlinx-coroutines-core-jvm:jar:1.8.0
[DEBUG]   Included: org.jetbrains.kotlin:kotlin-reflect:jar:2.3.20
[DEBUG]   Included: org.jetbrains.kotlin:kotlin-stdlib:jar:2.3.20
[DEBUG]   Included: org.openrewrite:rewrite-xml:jar:8.87.0
[DEBUG]   Included: com.github.ben-manes.caffeine:caffeine:jar:2.9.3
[DEBUG]   Included: org.checkerframework:checker-qual:jar:3.19.0
[DEBUG]   Included: com.google.errorprone:error_prone_annotations:jar:2.10.0
[DEBUG]   Included: org.openrewrite:rewrite-maven:jar:8.87.0
[DEBUG]   Included: io.moderne:jsonrpc:jar:1.0.10
[DEBUG]   Included: dev.failsafe:failsafe:jar:3.3.2
[DEBUG]   Included: com.fasterxml.jackson.dataformat:jackson-dataformat-xml:jar:2.21.5
[DEBUG]   Included: org.codehaus.woodstox:stax2-api:jar:4.2.2
[DEBUG]   Included: com.fasterxml.woodstox:woodstox-core:jar:7.1.1
[DEBUG]   Included: com.fasterxml.jackson.dataformat:jackson-dataformat-smile:jar:2.21.5
[DEBUG]   Included: com.fasterxml.jackson.module:jackson-module-jaxb-annotations:jar:2.21.5
[DEBUG]   Included: javax.xml.bind:jaxb-api:jar:2.2.12
[DEBUG]   Included: jakarta.activation:jakarta.activation-api:jar:1.2.2
[DEBUG]   Included: com.fasterxml.jackson.datatype:jackson-datatype-jdk8:jar:2.21.5
[DEBUG]   Included: org.openrewrite:rewrite-polyglot:jar:2.10.11
[DEBUG]   Included: org.openrewrite:rewrite-docker:jar:8.87.0
[DEBUG]   Included: com.fasterxml.jackson.dataformat:jackson-dataformat-yaml:jar:2.21.5
[DEBUG]   Included: org.openrewrite:rewrite-gradle:jar:8.87.0
[DEBUG]   Included: org.openrewrite:rewrite-hcl:jar:8.87.0
[DEBUG]   Included: org.openrewrite:rewrite-json:jar:8.87.0
[DEBUG]   Included: org.openrewrite:rewrite-protobuf:jar:8.87.0
[DEBUG]   Included: org.openrewrite:rewrite-toml:jar:8.87.0
[DEBUG]   Included: org.codehaus.plexus:plexus-xml:jar:4.1.1
[DEBUG]   Included: org.apache.maven:maven-xml:jar:4.0.0-rc-5
[DEBUG]   Included: io.micrometer:micrometer-core:jar:1.17.0
[DEBUG]   Included: org.jspecify:jspecify:jar:1.0.0
[DEBUG]   Included: io.micrometer:micrometer-commons:jar:1.17.0
[DEBUG]   Included: io.micrometer:micrometer-observation:jar:1.17.0
[DEBUG]   Included: org.hdrhistogram:HdrHistogram:jar:2.2.2
[DEBUG]   Included: org.rocksdb:rocksdbjni:jar:8.8.1
[DEBUG] Loading mojo org.openrewrite.maven:rewrite-maven-plugin:6.44.0:runNoFork from plugin realm ClassRealm[plugin>org.openrewrite.maven:rewrite-maven-plugin:6.44.0, parent: jdk.internal.loader.ClassLoaders$AppClassLoader@5bc2b487]
[DEBUG] Configuring mojo execution 'org.openrewrite.maven:rewrite-maven-plugin:6.44.0:runNoFork:default-cli' with basic configurator -->
[DEBUG]   (f) activeRecipes = [com.vmware.tanzu.MainAdvisorRecipe]
[DEBUG]   (f) activeStyles = []
[DEBUG]   (f) additionalPlainTextMasks = []
[DEBUG]   (f) checkstyleDetectionEnabled = true
[DEBUG]   (f) configLocation = /Users/dcaron/Documents/src/spring-io-barcelona-2025-spring-kafka-the-advance-features/repros/02-missing-recipe-bundle/.advisor/44f81a47-8e98-42d3-a2ee-0c501914cdd9-rewrite.yml
[DEBUG]   (f) exclusions = []
[DEBUG]   (f) exportDatatables = false
[DEBUG]   (f) failOnInvalidActiveRecipes = true
[DEBUG]   (f) mavenSession = org.apache.maven.execution.MavenSession@60b34931
[DEBUG]   (f) options = []
[DEBUG]   (f) plainTextMasks = []
[DEBUG]   (f) pluginDescriptor = Component Descriptor: role: 'org.apache.maven.plugin.Mojo', implementation: 'org.openrewrite.maven.RewriteDiscoverMojo', role hint: 'org.openrewrite.maven:rewrite-maven-plugin:6.44.0:discover'
role: 'org.apache.maven.plugin.Mojo', implementation: 'org.openrewrite.maven.RewriteDryRunMojo', role hint: 'org.openrewrite.maven:rewrite-maven-plugin:6.44.0:dryRun'
role: 'org.apache.maven.plugin.Mojo', implementation: 'org.openrewrite.maven.RewriteDryRunNoForkMojo', role hint: 'org.openrewrite.maven:rewrite-maven-plugin:6.44.0:dryRunNoFork'
role: 'org.apache.maven.plugin.Mojo', implementation: 'org.openrewrite.maven.rewrite_maven_plugin.HelpMojo', role hint: 'org.openrewrite.maven:rewrite-maven-plugin:6.44.0:help'
role: 'org.apache.maven.plugin.Mojo', implementation: 'org.openrewrite.maven.RecipeCsvGenerateMojo', role hint: 'org.openrewrite.maven:rewrite-maven-plugin:6.44.0:recipeCsvGenerate'
role: 'org.apache.maven.plugin.Mojo', implementation: 'org.openrewrite.maven.RewriteRunMojo', role hint: 'org.openrewrite.maven:rewrite-maven-plugin:6.44.0:run'
role: 'org.apache.maven.plugin.Mojo', implementation: 'org.openrewrite.maven.RewriteRunNoForkMojo', role hint: 'org.openrewrite.maven:rewrite-maven-plugin:6.44.0:runNoFork'
role: 'org.apache.maven.plugin.Mojo', implementation: 'org.openrewrite.maven.RewriteTypeTableMojo', role hint: 'org.openrewrite.maven:rewrite-maven-plugin:6.44.0:typetable'
---
[DEBUG]   (f) pomCacheEnabled = true
[DEBUG]   (f) project = MavenProject: com.example:missing-recipe-repro-parent:0.0.1-SNAPSHOT @ /Users/dcaron/Documents/src/spring-io-barcelona-2025-spring-kafka-the-advance-features/repros/02-missing-recipe-bundle/pom.xml
[DEBUG]   (f) recipeArtifactCoordinates = [com.vmware.tanzu.spring.recipes:java-recipes:1.7.5, com.vmware.tanzu.spring.recipes:rewrite-migrate-java:1.7.5, com.vmware.tanzu.spring.recipes:rewrite-spring:1.7.5, com.vmware.tanzu.spring.recipes:spring-boot-2-upgrade-recipes:1.7.5, com.vmware.tanzu.spring.recipes:spring-boot-3-upgrade-recipes:1.7.5, com.vmware.tanzu.spring.recipes:spring-boot-4-upgrade-recipes:1.7.5]
[DEBUG]   (f) recipeChangeLogLevel = WARN
[DEBUG]   (f) resolvePropertiesInYaml = true
[DEBUG]   (f) rewriteSkip = false
[DEBUG]   (f) runPerSubmodule = false
[DEBUG]   (f) sizeThresholdMb = 10
[DEBUG]   (f) skipMavenParsing = false
[DEBUG] -- end configuration --
[INFO] REWRITE: Delaying execution to the end of multi-module project for com.example:missing-recipe-repro-parent:0.0.1-SNAPSHOT
[INFO] 
[INFO] ----------------< com.example:missing-recipe-repro-app >----------------
[INFO] Building missing-recipe-repro-app 0.0.1-SNAPSHOT                   [2/2]
[INFO]   from app/pom.xml
[INFO] --------------------------------[ jar ]---------------------------------
[DEBUG] Lifecycle clean -> [pre-clean, clean, post-clean]
[DEBUG] Lifecycle default -> [validate, initialize, generate-sources, process-sources, generate-resources, process-resources, compile, process-classes, generate-test-sources, process-test-sources, generate-test-resources, process-test-resources, test-compile, process-test-classes, test, prepare-package, package, pre-integration-test, integration-test, post-integration-test, verify, install, deploy]
[DEBUG] Lifecycle site -> [pre-site, site, post-site, site-deploy]
[DEBUG] Lifecycle clean -> [pre-clean, clean, post-clean]
[DEBUG] Lifecycle default -> [validate, initialize, generate-sources, process-sources, generate-resources, process-resources, compile, process-classes, generate-test-sources, process-test-sources, generate-test-resources, process-test-resources, test-compile, process-test-classes, test, prepare-package, package, pre-integration-test, integration-test, post-integration-test, verify, install, deploy]
[DEBUG] Lifecycle site -> [pre-site, site, post-site, site-deploy]
[DEBUG] Lifecycle clean -> [pre-clean, clean, post-clean]
[DEBUG] Lifecycle default -> [validate, initialize, generate-sources, process-sources, generate-resources, process-resources, compile, process-classes, generate-test-sources, process-test-sources, generate-test-resources, process-test-resources, test-compile, process-test-classes, test, prepare-package, package, pre-integration-test, integration-test, post-integration-test, verify, install, deploy]
[DEBUG] Lifecycle site -> [pre-site, site, post-site, site-deploy]
[DEBUG] Lifecycle clean -> [pre-clean, clean, post-clean]
[DEBUG] Lifecycle default -> [validate, initialize, generate-sources, process-sources, generate-resources, process-resources, compile, process-classes, generate-test-sources, process-test-sources, generate-test-resources, process-test-resources, test-compile, process-test-classes, test, prepare-package, package, pre-integration-test, integration-test, post-integration-test, verify, install, deploy]
[DEBUG] Lifecycle site -> [pre-site, site, post-site, site-deploy]
[DEBUG] Lifecycle clean -> [pre-clean, clean, post-clean]
[DEBUG] Lifecycle default -> [validate, initialize, generate-sources, process-sources, generate-resources, process-resources, compile, process-classes, generate-test-sources, process-test-sources, generate-test-resources, process-test-resources, test-compile, process-test-classes, test, prepare-package, package, pre-integration-test, integration-test, post-integration-test, verify, install, deploy]
[DEBUG] Lifecycle site -> [pre-site, site, post-site, site-deploy]
[DEBUG] Lifecycle clean -> [pre-clean, clean, post-clean]
[DEBUG] Lifecycle default -> [validate, initialize, generate-sources, process-sources, generate-resources, process-resources, compile, process-classes, generate-test-sources, process-test-sources, generate-test-resources, process-test-resources, test-compile, process-test-classes, test, prepare-package, package, pre-integration-test, integration-test, post-integration-test, verify, install, deploy]
[DEBUG] Lifecycle site -> [pre-site, site, post-site, site-deploy]
[DEBUG] Lifecycle clean -> [pre-clean, clean, post-clean]
[DEBUG] Lifecycle default -> [validate, initialize, generate-sources, process-sources, generate-resources, process-resources, compile, process-classes, generate-test-sources, process-test-sources, generate-test-resources, process-test-resources, test-compile, process-test-classes, test, prepare-package, package, pre-integration-test, integration-test, post-integration-test, verify, install, deploy]
[DEBUG] Lifecycle site -> [pre-site, site, post-site, site-deploy]
[DEBUG] Lifecycle clean -> [pre-clean, clean, post-clean]
[DEBUG] Lifecycle default -> [validate, initialize, generate-sources, process-sources, generate-resources, process-resources, compile, process-classes, generate-test-sources, process-test-sources, generate-test-resources, process-test-resources, test-compile, process-test-classes, test, prepare-package, package, pre-integration-test, integration-test, post-integration-test, verify, install, deploy]
[DEBUG] Lifecycle site -> [pre-site, site, post-site, site-deploy]
[DEBUG] === PROJECT BUILD PLAN ================================================
[DEBUG] Project:       com.example:missing-recipe-repro-app:0.0.1-SNAPSHOT
[DEBUG] Dependencies (collect): []
[DEBUG] Dependencies (resolve): [compile, test]
[DEBUG] Repositories (dependencies): [spring-enterprise-subscription (https://packages.broadcom.com/artifactory/tanzu-maven/, default, releases+snapshots), central (https://repo.maven.apache.org/maven2, default, releases)]
[DEBUG] Repositories (plugins)     : [spring-enterprise-subscription (https://packages.broadcom.com/artifactory/tanzu-maven/, default, releases+snapshots), central (https://repo.maven.apache.org/maven2, default, releases)]
[DEBUG] --- init fork of com.example:missing-recipe-repro-app:0.0.1-SNAPSHOT for org.openrewrite.maven:rewrite-maven-plugin:6.8.0:run (run-openrewrite) ---
[DEBUG] Dependencies (collect): []
[DEBUG] Dependencies (resolve): [compile, test]
[DEBUG] -----------------------------------------------------------------------
[DEBUG] Goal:          org.apache.maven.plugins:maven-resources-plugin:3.3.1:resources (default-resources)
[DEBUG] Style:         Regular
[DEBUG] Configuration: <?xml version="1.0" encoding="UTF-8"?>
<configuration>
  <addDefaultExcludes default-value="true"/>
  <buildFilters default-value="${project.build.filters}"/>
  <delimiters>
    <delimiter>@</delimiter>
  </delimiters>
  <encoding default-value="${project.build.sourceEncoding}"/>
  <escapeWindowsPaths default-value="true"/>
  <fileNameFiltering default-value="false"/>
  <includeEmptyDirs default-value="false"/>
  <outputDirectory default-value="${project.build.outputDirectory}"/>
  <overwrite default-value="false"/>
  <project default-value="${project}"/>
  <propertiesEncoding>UTF-8</propertiesEncoding>
  <resources default-value="${project.resources}"/>
  <session default-value="${session}"/>
  <skip default-value="false">${maven.resources.skip}</skip>
  <supportMultiLineFiltering default-value="false"/>
  <useBuildFilters default-value="true"/>
  <useDefaultDelimiters default-value="true">false</useDefaultDelimiters>
</configuration>
[DEBUG] -----------------------------------------------------------------------
[DEBUG] Goal:          org.apache.maven.plugins:maven-compiler-plugin:3.14.1:compile (default-compile)
[DEBUG] Style:         Regular
[DEBUG] Configuration: <?xml version="1.0" encoding="UTF-8"?>
<configuration>
  <annotationProcessorPathsUseDepMgmt default-value="false"/>
  <basedir default-value="${basedir}"/>
  <buildDirectory default-value="${project.build.directory}"/>
  <compilePath default-value="${project.compileClasspathElements}"/>
  <compileSourceRoots default-value="${project.compileSourceRoots}"/>
  <compilerId default-value="javac">${maven.compiler.compilerId}</compilerId>
  <compilerReuseStrategy default-value="${reuseCreated}">${maven.compiler.compilerReuseStrategy}</compilerReuseStrategy>
  <compilerVersion>${maven.compiler.compilerVersion}</compilerVersion>
  <createMissingPackageInfoClass default-value="true">${maven.compiler.createMissingPackageInfoClass}</createMissingPackageInfoClass>
  <debug default-value="true">${maven.compiler.debug}</debug>
  <debugFileName default-value="javac"/>
  <debuglevel>${maven.compiler.debuglevel}</debuglevel>
  <enablePreview default-value="false">${maven.compiler.enablePreview}</enablePreview>
  <encoding default-value="${project.build.sourceEncoding}">${encoding}</encoding>
  <executable>${maven.compiler.executable}</executable>
  <failOnError default-value="true">${maven.compiler.failOnError}</failOnError>
  <failOnWarning default-value="false">${maven.compiler.failOnWarning}</failOnWarning>
  <fileExtensions default-value="class,jar"/>
  <forceJavacCompilerUse default-value="false">${maven.compiler.forceJavacCompilerUse}</forceJavacCompilerUse>
  <forceLegacyJavacApi default-value="false">${maven.compiler.forceLegacyJavacApi}</forceLegacyJavacApi>
  <fork default-value="false">${maven.compiler.fork}</fork>
  <generatedSourcesDirectory default-value="${project.build.directory}/generated-sources/annotations"/>
  <implicit>${maven.compiler.implicit}</implicit>
  <maxmem>${maven.compiler.maxmem}</maxmem>
  <meminitial>${maven.compiler.meminitial}</meminitial>
  <moduleVersion default-value="${project.version}">${maven.compiler.moduleVersion}</moduleVersion>
  <mojoExecution default-value="${mojoExecution}"/>
  <optimize default-value="false">${maven.compiler.optimize}</optimize>
  <outputDirectory default-value="${project.build.outputDirectory}">${maven.compiler.outputDirectory}</outputDirectory>
  <outputTimestamp default-value="${project.build.outputTimestamp}"/>
  <parameters default-value="false">true</parameters>
  <proc>${maven.compiler.proc}</proc>
  <project default-value="${project}"/>
  <projectArtifact default-value="${project.artifact}"/>
  <release>${maven.compiler.release}</release>
  <session default-value="${session}"/>
  <showCompilationChanges default-value="false">${maven.compiler.showCompilationChanges}</showCompilationChanges>
  <showDeprecation default-value="false">${maven.compiler.showDeprecation}</showDeprecation>
  <showWarnings default-value="true">${maven.compiler.showWarnings}</showWarnings>
  <skipMain>${maven.main.skip}</skipMain>
  <skipMultiThreadWarning default-value="false">${maven.compiler.skipMultiThreadWarning}</skipMultiThreadWarning>
  <source default-value="1.8">${maven.compiler.source}</source>
  <staleMillis default-value="0">${lastModGranularityMs}</staleMillis>
  <target default-value="1.8">${maven.compiler.target}</target>
  <useIncrementalCompilation default-value="true">${maven.compiler.useIncrementalCompilation}</useIncrementalCompilation>
  <useModuleVersion default-value="true">${maven.compiler.useModuleVersion}</useModuleVersion>
  <verbose default-value="false">${maven.compiler.verbose}</verbose>
</configuration>
[DEBUG] -----------------------------------------------------------------------
[DEBUG] Goal:          org.apache.maven.plugins:maven-resources-plugin:3.3.1:testResources (default-testResources)
[DEBUG] Style:         Regular
[DEBUG] Configuration: <?xml version="1.0" encoding="UTF-8"?>
<configuration>
  <addDefaultExcludes default-value="true"/>
  <buildFilters default-value="${project.build.filters}"/>
  <delimiters>
    <delimiter>@</delimiter>
  </delimiters>
  <encoding default-value="${project.build.sourceEncoding}"/>
  <escapeWindowsPaths default-value="true"/>
  <fileNameFiltering default-value="false"/>
  <includeEmptyDirs default-value="false"/>
  <outputDirectory default-value="${project.build.testOutputDirectory}"/>
  <overwrite default-value="false"/>
  <project default-value="${project}"/>
  <propertiesEncoding>UTF-8</propertiesEncoding>
  <resources default-value="${project.testResources}"/>
  <session default-value="${session}"/>
  <skip default-value="false">${maven.test.skip}</skip>
  <supportMultiLineFiltering default-value="false"/>
  <useBuildFilters default-value="true"/>
  <useDefaultDelimiters default-value="true">false</useDefaultDelimiters>
</configuration>
[DEBUG] -----------------------------------------------------------------------
[DEBUG] Goal:          org.apache.maven.plugins:maven-compiler-plugin:3.14.1:testCompile (default-testCompile)
[DEBUG] Style:         Regular
[DEBUG] Configuration: <?xml version="1.0" encoding="UTF-8"?>
<configuration>
  <annotationProcessorPathsUseDepMgmt default-value="false"/>
  <basedir default-value="${basedir}"/>
  <buildDirectory default-value="${project.build.directory}"/>
  <compileSourceRoots default-value="${project.testCompileSourceRoots}"/>
  <compilerId default-value="javac">${maven.compiler.compilerId}</compilerId>
  <compilerReuseStrategy default-value="${reuseCreated}">${maven.compiler.compilerReuseStrategy}</compilerReuseStrategy>
  <compilerVersion>${maven.compiler.compilerVersion}</compilerVersion>
  <createMissingPackageInfoClass default-value="true">${maven.compiler.createMissingPackageInfoClass}</createMissingPackageInfoClass>
  <debug default-value="true">${maven.compiler.debug}</debug>
  <debugFileName default-value="javac-test"/>
  <debuglevel>${maven.compiler.debuglevel}</debuglevel>
  <enablePreview default-value="false">${maven.compiler.enablePreview}</enablePreview>
  <encoding default-value="${project.build.sourceEncoding}">${encoding}</encoding>
  <executable>${maven.compiler.executable}</executable>
  <failOnError default-value="true">${maven.compiler.failOnError}</failOnError>
  <failOnWarning default-value="false">${maven.compiler.failOnWarning}</failOnWarning>
  <fileExtensions default-value="class,jar"/>
  <forceJavacCompilerUse default-value="false">${maven.compiler.forceJavacCompilerUse}</forceJavacCompilerUse>
  <forceLegacyJavacApi default-value="false">${maven.compiler.forceLegacyJavacApi}</forceLegacyJavacApi>
  <fork default-value="false">${maven.compiler.fork}</fork>
  <generatedTestSourcesDirectory default-value="${project.build.directory}/generated-test-sources/test-annotations"/>
  <implicit>${maven.compiler.implicit}</implicit>
  <maxmem>${maven.compiler.maxmem}</maxmem>
  <meminitial>${maven.compiler.meminitial}</meminitial>
  <mojoExecution default-value="${mojoExecution}"/>
  <optimize default-value="false">${maven.compiler.optimize}</optimize>
  <outputDirectory default-value="${project.build.testOutputDirectory}"/>
  <outputTimestamp default-value="${project.build.outputTimestamp}"/>
  <parameters default-value="false">true</parameters>
  <proc>${maven.compiler.proc}</proc>
  <project default-value="${project}"/>
  <release>${maven.compiler.release}</release>
  <session default-value="${session}"/>
  <showCompilationChanges default-value="false">${maven.compiler.showCompilationChanges}</showCompilationChanges>
  <showDeprecation default-value="false">${maven.compiler.showDeprecation}</showDeprecation>
  <showWarnings default-value="true">${maven.compiler.showWarnings}</showWarnings>
  <skip>${maven.test.skip}</skip>
  <skipMultiThreadWarning default-value="false">${maven.compiler.skipMultiThreadWarning}</skipMultiThreadWarning>
  <source default-value="1.8">${maven.compiler.source}</source>
  <staleMillis default-value="0">${lastModGranularityMs}</staleMillis>
  <target default-value="1.8">${maven.compiler.target}</target>
  <testPath default-value="${project.testClasspathElements}"/>
  <testRelease>${maven.compiler.testRelease}</testRelease>
  <testSource>${maven.compiler.testSource}</testSource>
  <testTarget>${maven.compiler.testTarget}</testTarget>
  <useIncrementalCompilation default-value="true">${maven.compiler.useIncrementalCompilation}</useIncrementalCompilation>
  <useModulePath default-value="true"/>
  <verbose default-value="false">${maven.compiler.verbose}</verbose>
</configuration>
[DEBUG] --- exit fork of com.example:missing-recipe-repro-app:0.0.1-SNAPSHOT for org.openrewrite.maven:rewrite-maven-plugin:6.8.0:run (run-openrewrite) ---
[DEBUG] -----------------------------------------------------------------------
[DEBUG] Goal:          org.openrewrite.maven:rewrite-maven-plugin:6.8.0:run (run-openrewrite)
[DEBUG] Style:         Regular
[DEBUG] Configuration: <?xml version="1.0" encoding="UTF-8"?>
<configuration>
  <activeRecipes>
    <recipe>org.openrewrite.java.RemoveUnusedImports</recipe>${rewrite.activeRecipes}</activeRecipes>
  <activeStyles>${rewrite.activeStyles}</activeStyles>
  <additionalPlainTextMasks>${rewrite.additionalPlainTextMasks}</additionalPlainTextMasks>
  <checkstyleConfigFile>${rewrite.checkstyleConfigFile}</checkstyleConfigFile>
  <checkstyleDetectionEnabled default-value="true">${rewrite.checkstyleDetectionEnabled}</checkstyleDetectionEnabled>
  <configLocation default-value="${maven.multiModuleProjectDirectory}/rewrite.yml">${rewrite.configLocation}</configLocation>
  <exclusions>${rewrite.exclusions}</exclusions>
  <exportDatatables default-value="false">${rewrite.exportDatatables}</exportDatatables>
  <failOnInvalidActiveRecipes default-value="false">${rewrite.failOnInvalidActiveRecipes}</failOnInvalidActiveRecipes>
  <mavenSession default-value="${session}"/>
  <options>${rewrite.options}</options>
  <plainTextMasks>${rewrite.plainTextMasks}</plainTextMasks>
  <pluginDescriptor default-value="${plugin}"/>
  <pomCacheDirectory>${rewrite.pomCacheDirectory}</pomCacheDirectory>
  <pomCacheEnabled default-value="true">${rewrite.pomCacheEnabled}</pomCacheEnabled>
  <project default-value="${project}"/>
  <recipeArtifactCoordinates>${rewrite.recipeArtifactCoordinates}</recipeArtifactCoordinates>
  <recipeChangeLogLevel default-value="WARN">${rewrite.recipeChangeLogLevel}</recipeChangeLogLevel>
  <resolvePropertiesInYaml default-value="true">${rewrite.resolvePropertiesInYaml}</resolvePropertiesInYaml>
  <rewriteSkip default-value="false">${rewrite.skip}</rewriteSkip>
  <runPerSubmodule default-value="false">${rewrite.runPerSubmodule}</runPerSubmodule>
  <sizeThresholdMb default-value="10">${sizeThresholdMb}</sizeThresholdMb>
  <skipMavenParsing default-value="false">${skipMavenParsing}</skipMavenParsing>
</configuration>
[DEBUG] -----------------------------------------------------------------------
[DEBUG] Goal:          org.apache.maven.plugins:maven-resources-plugin:3.3.1:resources (default-resources)
[DEBUG] Style:         Regular
[DEBUG] Configuration: <?xml version="1.0" encoding="UTF-8"?>
<configuration>
  <addDefaultExcludes default-value="true"/>
  <buildFilters default-value="${project.build.filters}"/>
  <delimiters>
    <delimiter>@</delimiter>
  </delimiters>
  <encoding default-value="${project.build.sourceEncoding}"/>
  <escapeWindowsPaths default-value="true"/>
  <fileNameFiltering default-value="false"/>
  <includeEmptyDirs default-value="false"/>
  <outputDirectory default-value="${project.build.outputDirectory}"/>
  <overwrite default-value="false"/>
  <project default-value="${project}"/>
  <propertiesEncoding>UTF-8</propertiesEncoding>
  <resources default-value="${project.resources}"/>
  <session default-value="${session}"/>
  <skip default-value="false">${maven.resources.skip}</skip>
  <supportMultiLineFiltering default-value="false"/>
  <useBuildFilters default-value="true"/>
  <useDefaultDelimiters default-value="true">false</useDefaultDelimiters>
</configuration>
[DEBUG] -----------------------------------------------------------------------
[DEBUG] Goal:          org.apache.maven.plugins:maven-compiler-plugin:3.14.1:compile (default-compile)
[DEBUG] Style:         Regular
[DEBUG] Configuration: <?xml version="1.0" encoding="UTF-8"?>
<configuration>
  <annotationProcessorPathsUseDepMgmt default-value="false"/>
  <basedir default-value="${basedir}"/>
  <buildDirectory default-value="${project.build.directory}"/>
  <compilePath default-value="${project.compileClasspathElements}"/>
  <compileSourceRoots default-value="${project.compileSourceRoots}"/>
  <compilerId default-value="javac">${maven.compiler.compilerId}</compilerId>
  <compilerReuseStrategy default-value="${reuseCreated}">${maven.compiler.compilerReuseStrategy}</compilerReuseStrategy>
  <compilerVersion>${maven.compiler.compilerVersion}</compilerVersion>
  <createMissingPackageInfoClass default-value="true">${maven.compiler.createMissingPackageInfoClass}</createMissingPackageInfoClass>
  <debug default-value="true">${maven.compiler.debug}</debug>
  <debugFileName default-value="javac"/>
  <debuglevel>${maven.compiler.debuglevel}</debuglevel>
  <enablePreview default-value="false">${maven.compiler.enablePreview}</enablePreview>
  <encoding default-value="${project.build.sourceEncoding}">${encoding}</encoding>
  <executable>${maven.compiler.executable}</executable>
  <failOnError default-value="true">${maven.compiler.failOnError}</failOnError>
  <failOnWarning default-value="false">${maven.compiler.failOnWarning}</failOnWarning>
  <fileExtensions default-value="class,jar"/>
  <forceJavacCompilerUse default-value="false">${maven.compiler.forceJavacCompilerUse}</forceJavacCompilerUse>
  <forceLegacyJavacApi default-value="false">${maven.compiler.forceLegacyJavacApi}</forceLegacyJavacApi>
  <fork default-value="false">${maven.compiler.fork}</fork>
  <generatedSourcesDirectory default-value="${project.build.directory}/generated-sources/annotations"/>
  <implicit>${maven.compiler.implicit}</implicit>
  <maxmem>${maven.compiler.maxmem}</maxmem>
  <meminitial>${maven.compiler.meminitial}</meminitial>
  <moduleVersion default-value="${project.version}">${maven.compiler.moduleVersion}</moduleVersion>
  <mojoExecution default-value="${mojoExecution}"/>
  <optimize default-value="false">${maven.compiler.optimize}</optimize>
  <outputDirectory default-value="${project.build.outputDirectory}">${maven.compiler.outputDirectory}</outputDirectory>
  <outputTimestamp default-value="${project.build.outputTimestamp}"/>
  <parameters default-value="false">true</parameters>
  <proc>${maven.compiler.proc}</proc>
  <project default-value="${project}"/>
  <projectArtifact default-value="${project.artifact}"/>
  <release>${maven.compiler.release}</release>
  <session default-value="${session}"/>
  <showCompilationChanges default-value="false">${maven.compiler.showCompilationChanges}</showCompilationChanges>
  <showDeprecation default-value="false">${maven.compiler.showDeprecation}</showDeprecation>
  <showWarnings default-value="true">${maven.compiler.showWarnings}</showWarnings>
  <skipMain>${maven.main.skip}</skipMain>
  <skipMultiThreadWarning default-value="false">${maven.compiler.skipMultiThreadWarning}</skipMultiThreadWarning>
  <source default-value="1.8">${maven.compiler.source}</source>
  <staleMillis default-value="0">${lastModGranularityMs}</staleMillis>
  <target default-value="1.8">${maven.compiler.target}</target>
  <useIncrementalCompilation default-value="true">${maven.compiler.useIncrementalCompilation}</useIncrementalCompilation>
  <useModuleVersion default-value="true">${maven.compiler.useModuleVersion}</useModuleVersion>
  <verbose default-value="false">${maven.compiler.verbose}</verbose>
</configuration>
[DEBUG] -----------------------------------------------------------------------
[DEBUG] Goal:          org.apache.maven.plugins:maven-resources-plugin:3.3.1:testResources (default-testResources)
[DEBUG] Style:         Regular
[DEBUG] Configuration: <?xml version="1.0" encoding="UTF-8"?>
<configuration>
  <addDefaultExcludes default-value="true"/>
  <buildFilters default-value="${project.build.filters}"/>
  <delimiters>
    <delimiter>@</delimiter>
  </delimiters>
  <encoding default-value="${project.build.sourceEncoding}"/>
  <escapeWindowsPaths default-value="true"/>
  <fileNameFiltering default-value="false"/>
  <includeEmptyDirs default-value="false"/>
  <outputDirectory default-value="${project.build.testOutputDirectory}"/>
  <overwrite default-value="false"/>
  <project default-value="${project}"/>
  <propertiesEncoding>UTF-8</propertiesEncoding>
  <resources default-value="${project.testResources}"/>
  <session default-value="${session}"/>
  <skip default-value="false">${maven.test.skip}</skip>
  <supportMultiLineFiltering default-value="false"/>
  <useBuildFilters default-value="true"/>
  <useDefaultDelimiters default-value="true">false</useDefaultDelimiters>
</configuration>
[DEBUG] -----------------------------------------------------------------------
[DEBUG] Goal:          org.apache.maven.plugins:maven-compiler-plugin:3.14.1:testCompile (default-testCompile)
[DEBUG] Style:         Regular
[DEBUG] Configuration: <?xml version="1.0" encoding="UTF-8"?>
<configuration>
  <annotationProcessorPathsUseDepMgmt default-value="false"/>
  <basedir default-value="${basedir}"/>
  <buildDirectory default-value="${project.build.directory}"/>
  <compileSourceRoots default-value="${project.testCompileSourceRoots}"/>
  <compilerId default-value="javac">${maven.compiler.compilerId}</compilerId>
  <compilerReuseStrategy default-value="${reuseCreated}">${maven.compiler.compilerReuseStrategy}</compilerReuseStrategy>
  <compilerVersion>${maven.compiler.compilerVersion}</compilerVersion>
  <createMissingPackageInfoClass default-value="true">${maven.compiler.createMissingPackageInfoClass}</createMissingPackageInfoClass>
  <debug default-value="true">${maven.compiler.debug}</debug>
  <debugFileName default-value="javac-test"/>
  <debuglevel>${maven.compiler.debuglevel}</debuglevel>
  <enablePreview default-value="false">${maven.compiler.enablePreview}</enablePreview>
  <encoding default-value="${project.build.sourceEncoding}">${encoding}</encoding>
  <executable>${maven.compiler.executable}</executable>
  <failOnError default-value="true">${maven.compiler.failOnError}</failOnError>
  <failOnWarning default-value="false">${maven.compiler.failOnWarning}</failOnWarning>
  <fileExtensions default-value="class,jar"/>
  <forceJavacCompilerUse default-value="false">${maven.compiler.forceJavacCompilerUse}</forceJavacCompilerUse>
  <forceLegacyJavacApi default-value="false">${maven.compiler.forceLegacyJavacApi}</forceLegacyJavacApi>
  <fork default-value="false">${maven.compiler.fork}</fork>
  <generatedTestSourcesDirectory default-value="${project.build.directory}/generated-test-sources/test-annotations"/>
  <implicit>${maven.compiler.implicit}</implicit>
  <maxmem>${maven.compiler.maxmem}</maxmem>
  <meminitial>${maven.compiler.meminitial}</meminitial>
  <mojoExecution default-value="${mojoExecution}"/>
  <optimize default-value="false">${maven.compiler.optimize}</optimize>
  <outputDirectory default-value="${project.build.testOutputDirectory}"/>
  <outputTimestamp default-value="${project.build.outputTimestamp}"/>
  <parameters default-value="false">true</parameters>
  <proc>${maven.compiler.proc}</proc>
  <project default-value="${project}"/>
  <release>${maven.compiler.release}</release>
  <session default-value="${session}"/>
  <showCompilationChanges default-value="false">${maven.compiler.showCompilationChanges}</showCompilationChanges>
  <showDeprecation default-value="false">${maven.compiler.showDeprecation}</showDeprecation>
  <showWarnings default-value="true">${maven.compiler.showWarnings}</showWarnings>
  <skip>${maven.test.skip}</skip>
  <skipMultiThreadWarning default-value="false">${maven.compiler.skipMultiThreadWarning}</skipMultiThreadWarning>
  <source default-value="1.8">${maven.compiler.source}</source>
  <staleMillis default-value="0">${lastModGranularityMs}</staleMillis>
  <target default-value="1.8">${maven.compiler.target}</target>
  <testPath default-value="${project.testClasspathElements}"/>
  <testRelease>${maven.compiler.testRelease}</testRelease>
  <testSource>${maven.compiler.testSource}</testSource>
  <testTarget>${maven.compiler.testTarget}</testTarget>
  <useIncrementalCompilation default-value="true">${maven.compiler.useIncrementalCompilation}</useIncrementalCompilation>
  <useModulePath default-value="true"/>
  <verbose default-value="false">${maven.compiler.verbose}</verbose>
</configuration>
[DEBUG] -----------------------------------------------------------------------
[DEBUG] Goal:          org.openrewrite.maven:rewrite-maven-plugin:6.44.0:runNoFork (default-cli)
[DEBUG] Style:         Regular
[DEBUG] Configuration: <?xml version="1.0" encoding="UTF-8"?>
<configuration>
  <activeRecipes>
    <recipe>org.openrewrite.java.RemoveUnusedImports</recipe>${rewrite.activeRecipes}</activeRecipes>
  <activeStyles>${rewrite.activeStyles}</activeStyles>
  <additionalPlainTextMasks>${rewrite.additionalPlainTextMasks}</additionalPlainTextMasks>
  <checkstyleConfigFile>${rewrite.checkstyleConfigFile}</checkstyleConfigFile>
  <checkstyleDetectionEnabled default-value="true">${rewrite.checkstyleDetectionEnabled}</checkstyleDetectionEnabled>
  <configLocation default-value="${maven.multiModuleProjectDirectory}/rewrite.yml">${rewrite.configLocation}</configLocation>
  <exclusions>${rewrite.exclusions}</exclusions>
  <exportDatatables default-value="false">${rewrite.exportDatatables}</exportDatatables>
  <failOnInvalidActiveRecipes default-value="false">${rewrite.failOnInvalidActiveRecipes}</failOnInvalidActiveRecipes>
  <mavenSession default-value="${session}"/>
  <options>${rewrite.options}</options>
  <plainTextMasks>${rewrite.plainTextMasks}</plainTextMasks>
  <pluginDescriptor default-value="${plugin}"/>
  <pomCacheDirectory>${rewrite.pomCacheDirectory}</pomCacheDirectory>
  <pomCacheEnabled default-value="true">${rewrite.pomCacheEnabled}</pomCacheEnabled>
  <project default-value="${project}"/>
  <recipeArtifactCoordinates>${rewrite.recipeArtifactCoordinates}</recipeArtifactCoordinates>
  <recipeChangeLogLevel default-value="WARN">${rewrite.recipeChangeLogLevel}</recipeChangeLogLevel>
  <resolvePropertiesInYaml default-value="true">${rewrite.resolvePropertiesInYaml}</resolvePropertiesInYaml>
  <rewriteSkip default-value="false">${rewrite.skip}</rewriteSkip>
  <runPerSubmodule default-value="false">${rewrite.runPerSubmodule}</runPerSubmodule>
  <sizeThresholdMb default-value="10">${sizeThresholdMb}</sizeThresholdMb>
  <skipMavenParsing default-value="false">${skipMavenParsing}</skipMavenParsing>
</configuration>
[DEBUG] =======================================================================
[INFO] 
[INFO] >>> rewrite:6.8.0:run (run-openrewrite) > process-test-classes @ missing-recipe-repro-app >>>
[DEBUG] Using mirror maven-default-http-blocker (http://0.0.0.0/) for vaadin-snapshots (http://oss.sonatype.org/content/repositories/vaadin-snapshots/).
[DEBUG] Using mirror maven-default-http-blocker (http://0.0.0.0/) for vaadin-releases (http://oss.sonatype.org/content/repositories/vaadin-releases/).
[DEBUG] Dependency collection stats {ConflictMarker.analyzeTime=187253, ConflictMarker.markTime=162715, ConflictMarker.nodeCount=82, ConflictIdSorter.graphTime=107026, ConflictIdSorter.topsortTime=35563, ConflictIdSorter.conflictIdCount=49, ConflictIdSorter.conflictIdCycleCount=0, ConflictResolver.totalTime=2416308, ConflictResolver.conflictItemCount=81, DfDependencyCollector.collectTime=105296987, DfDependencyCollector.transformTime=2995648}
[DEBUG] com.example:missing-recipe-repro-app:jar:0.0.1-SNAPSHOT
[DEBUG]    org.springframework.boot:spring-boot-starter:jar:3.5.16:compile
[DEBUG]       org.springframework.boot:spring-boot:jar:3.5.16:compile (version managed from 3.5.16)
[DEBUG]          org.springframework:spring-context:jar:6.2.19:compile (version managed from 6.2.19)
[DEBUG]             org.springframework:spring-aop:jar:6.2.19:compile (version managed from 6.2.19)
[DEBUG]             org.springframework:spring-beans:jar:6.2.19:compile (version managed from 6.2.19)
[DEBUG]             org.springframework:spring-expression:jar:6.2.19:compile (version managed from 6.2.19)
[DEBUG]             io.micrometer:micrometer-observation:jar:1.15.12:compile (version managed from 1.15.12)
[DEBUG]                io.micrometer:micrometer-commons:jar:1.15.12:compile (version managed from 1.15.12)
[DEBUG]       org.springframework.boot:spring-boot-autoconfigure:jar:3.5.16:compile (version managed from 3.5.16)
[DEBUG]       org.springframework.boot:spring-boot-starter-logging:jar:3.5.16:compile (version managed from 3.5.16)
[DEBUG]          ch.qos.logback:logback-classic:jar:1.5.34:compile (version managed from 1.5.34)
[DEBUG]             ch.qos.logback:logback-core:jar:1.5.34:compile (version managed from 1.5.34)
[DEBUG]          org.apache.logging.log4j:log4j-to-slf4j:jar:2.24.3:compile (version managed from 2.24.3)
[DEBUG]             org.apache.logging.log4j:log4j-api:jar:2.24.3:compile (version managed from 2.24.3)
[DEBUG]          org.slf4j:jul-to-slf4j:jar:2.0.18:compile (version managed from 2.0.18)
[DEBUG]       jakarta.annotation:jakarta.annotation-api:jar:2.1.1:compile (version managed from 2.1.1)
[DEBUG]       org.springframework:spring-core:jar:6.2.19:compile (version managed from 6.2.19)
[DEBUG]          org.springframework:spring-jcl:jar:6.2.19:compile (version managed from 6.2.19)
[DEBUG]       org.yaml:snakeyaml:jar:2.4:compile (version managed from 2.4)
[DEBUG]    org.springframework.boot:spring-boot-starter-test:jar:3.5.16:test
[DEBUG]       org.springframework.boot:spring-boot-test:jar:3.5.16:test (version managed from 3.5.16)
[DEBUG]       org.springframework.boot:spring-boot-test-autoconfigure:jar:3.5.16:test (version managed from 3.5.16)
[DEBUG]       com.jayway.jsonpath:json-path:jar:2.9.0:test (version managed from 2.9.0)
[DEBUG]          org.slf4j:slf4j-api:jar:2.0.18:compile (version managed from 2.0.11)
[DEBUG]       jakarta.xml.bind:jakarta.xml.bind-api:jar:4.0.5:test (version managed from 4.0.5)
[DEBUG]          jakarta.activation:jakarta.activation-api:jar:2.1.4:test (version managed from 2.1.4)
[DEBUG]       net.minidev:json-smart:jar:2.5.2:test (version managed from 2.5.2)
[DEBUG]          net.minidev:accessors-smart:jar:2.5.2:test
[DEBUG]             org.ow2.asm:asm:jar:9.7.1:test
[DEBUG]       org.assertj:assertj-core:jar:3.27.7:test (version managed from 3.27.7)
[DEBUG]          net.bytebuddy:byte-buddy:jar:1.17.8:test (version managed from 1.18.3)
[DEBUG]       org.awaitility:awaitility:jar:4.2.2:test (version managed from 4.2.2)
[DEBUG]       org.hamcrest:hamcrest:jar:3.0:test (version managed from 3.0)
[DEBUG]       org.junit.jupiter:junit-jupiter:jar:5.12.2:test (version managed from 5.12.2)
[DEBUG]          org.junit.jupiter:junit-jupiter-api:jar:5.12.2:test (version managed from 5.12.2)
[DEBUG]             org.opentest4j:opentest4j:jar:1.3.0:test
[DEBUG]             org.junit.platform:junit-platform-commons:jar:1.12.2:test (version managed from 1.12.2)
[DEBUG]             org.apiguardian:apiguardian-api:jar:1.1.2:test
[DEBUG]          org.junit.jupiter:junit-jupiter-params:jar:5.12.2:test (version managed from 5.12.2)
[DEBUG]          org.junit.jupiter:junit-jupiter-engine:jar:5.12.2:test (version managed from 5.12.2)
[DEBUG]             org.junit.platform:junit-platform-engine:jar:1.12.2:test (version managed from 1.12.2)
[DEBUG]       org.mockito:mockito-core:jar:5.17.0:test (version managed from 5.17.0)
[DEBUG]          net.bytebuddy:byte-buddy-agent:jar:1.17.8:test (version managed from 1.15.11)
[DEBUG]          org.objenesis:objenesis:jar:3.3:test
[DEBUG]       org.mockito:mockito-junit-jupiter:jar:5.17.0:test (version managed from 5.17.0)
[DEBUG]       org.skyscreamer:jsonassert:jar:1.5.3:test (version managed from 1.5.3)
[DEBUG]          com.vaadin.external.google:android-json:jar:0.0.20131108.vaadin1:test
[DEBUG]       org.springframework:spring-test:jar:6.2.19:test (version managed from 6.2.19)
[DEBUG]       org.xmlunit:xmlunit-core:jar:2.10.4:test (version managed from 2.10.4)
[INFO] 
[INFO] --- resources:3.3.1:resources (default-resources) @ missing-recipe-repro-app ---
[DEBUG] Dependency collection stats {ConflictMarker.analyzeTime=52087, ConflictMarker.markTime=25384, ConflictMarker.nodeCount=13, ConflictIdSorter.graphTime=15623, ConflictIdSorter.topsortTime=12297, ConflictIdSorter.conflictIdCount=9, ConflictIdSorter.conflictIdCycleCount=0, ConflictResolver.totalTime=196926, ConflictResolver.conflictItemCount=13, DfDependencyCollector.collectTime=34254707, DfDependencyCollector.transformTime=316626}
[DEBUG] org.apache.maven.plugins:maven-resources-plugin:jar:3.3.1
[DEBUG]    org.codehaus.plexus:plexus-interpolation:jar:1.26:runtime
[DEBUG]    org.codehaus.plexus:plexus-utils:jar:3.5.1:compile
[DEBUG]    org.apache.maven.shared:maven-filtering:jar:3.3.1:compile
[DEBUG]       javax.inject:javax.inject:jar:1:compile
[DEBUG]       org.slf4j:slf4j-api:jar:1.7.36:compile
[DEBUG]       org.sonatype.plexus:plexus-build-api:jar:0.0.7:compile
[DEBUG]    commons-io:commons-io:jar:2.11.0:compile
[DEBUG]    org.apache.commons:commons-lang3:jar:3.12.0:compile
[DEBUG] Created new class realm plugin>org.apache.maven.plugins:maven-resources-plugin:3.3.1
[DEBUG] Importing foreign packages into class realm plugin>org.apache.maven.plugins:maven-resources-plugin:3.3.1
[DEBUG]   Imported:  < maven.api
[DEBUG] Populating class realm plugin>org.apache.maven.plugins:maven-resources-plugin:3.3.1
[DEBUG]   Included: org.apache.maven.plugins:maven-resources-plugin:jar:3.3.1
[DEBUG]   Included: org.codehaus.plexus:plexus-interpolation:jar:1.26
[DEBUG]   Included: org.codehaus.plexus:plexus-utils:jar:3.5.1
[DEBUG]   Included: org.apache.maven.shared:maven-filtering:jar:3.3.1
[DEBUG]   Included: org.sonatype.plexus:plexus-build-api:jar:0.0.7
[DEBUG]   Included: commons-io:commons-io:jar:2.11.0
[DEBUG]   Included: org.apache.commons:commons-lang3:jar:3.12.0
[DEBUG] Loading mojo org.apache.maven.plugins:maven-resources-plugin:3.3.1:resources from plugin realm ClassRealm[plugin>org.apache.maven.plugins:maven-resources-plugin:3.3.1, parent: jdk.internal.loader.ClassLoaders$AppClassLoader@5bc2b487]
[DEBUG] Configuring mojo execution 'org.apache.maven.plugins:maven-resources-plugin:3.3.1:resources:default-resources' with basic configurator -->
[DEBUG]   (f) addDefaultExcludes = true
[DEBUG]   (f) buildFilters = []
[DEBUG]   (s) delimiters = [@]
[DEBUG]   (f) encoding = UTF-8
[DEBUG]   (f) escapeWindowsPaths = true
[DEBUG]   (f) fileNameFiltering = false
[DEBUG]   (s) includeEmptyDirs = false
[DEBUG]   (s) outputDirectory = /Users/dcaron/Documents/src/spring-io-barcelona-2025-spring-kafka-the-advance-features/repros/02-missing-recipe-bundle/app/target/classes
[DEBUG]   (s) overwrite = false
[DEBUG]   (f) project = MavenProject: com.example:missing-recipe-repro-app:0.0.1-SNAPSHOT @ /Users/dcaron/Documents/src/spring-io-barcelona-2025-spring-kafka-the-advance-features/repros/02-missing-recipe-bundle/app/pom.xml
[DEBUG]   (f) propertiesEncoding = UTF-8
[DEBUG]   (s) resources = [Resource {targetPath: null, filtering: true, FileSet {directory: /Users/dcaron/Documents/src/spring-io-barcelona-2025-spring-kafka-the-advance-features/repros/02-missing-recipe-bundle/app/src/main/resources, PatternSet [includes: {**/application*.yml, **/application*.yaml, **/application*.properties}, excludes: {}]}}, Resource {targetPath: null, filtering: false, FileSet {directory: /Users/dcaron/Documents/src/spring-io-barcelona-2025-spring-kafka-the-advance-features/repros/02-missing-recipe-bundle/app/src/main/resources, PatternSet [includes: {}, excludes: {**/application*.yml, **/application*.yaml, **/application*.properties}]}}]
[DEBUG]   (f) session = org.apache.maven.execution.MavenSession@60b34931
[DEBUG]   (f) skip = false
[DEBUG]   (f) supportMultiLineFiltering = false
[DEBUG]   (f) useBuildFilters = true
[DEBUG]   (s) useDefaultDelimiters = false
[DEBUG] -- end configuration --
[DEBUG] properties used:
[DEBUG] activemq.version: 6.1.8
[DEBUG] angus-mail.version: 2.0.5
[DEBUG] apple.awt.application.name: Launcher
[DEBUG] artemis.version: 2.40.0
[DEBUG] aspectj.version: 1.9.25.1
[DEBUG] assertj.version: 3.27.7
[DEBUG] awaitility.version: 4.2.2
[DEBUG] brave.version: 6.1.0
[DEBUG] build-helper-maven-plugin.version: 3.6.1
[DEBUG] byte-buddy.version: 1.17.8
[DEBUG] cache2k.version: 2.6.1.Final
[DEBUG] caffeine.version: 3.2.4
[DEBUG] cassandra-driver.version: 4.19.3
[DEBUG] classmate.version: 1.7.3
[DEBUG] classworlds.conf: /Users/dcaron/.sdkman/candidates/maven/current/bin/m2.conf
[DEBUG] commons-codec.version: 1.18.0
[DEBUG] commons-dbcp2.version: 2.13.0
[DEBUG] commons-lang3.version: 3.17.0
[DEBUG] commons-pool.version: 1.6
[DEBUG] commons-pool2.version: 2.12.1
[DEBUG] couchbase-client.version: 3.8.3
[DEBUG] crac.version: 1.5.0
[DEBUG] cyclonedx-maven-plugin.version: 2.9.1
[DEBUG] db2-jdbc.version: 12.1.4.0
[DEBUG] dependency-management-plugin.version: 1.1.7
[DEBUG] derby.version: 10.16.1.1
[DEBUG] ehcache3.version: 3.10.9
[DEBUG] elasticsearch-client.version: 8.18.8
[DEBUG] env.AI_AGENT: claude-code_2-1-224_agent
[DEBUG] env.CLAUDECODE: 1
[DEBUG] env.CLAUDE_CODE_CHILD_SESSION: 1
[DEBUG] env.CLAUDE_CODE_ENTRYPOINT: cli
[DEBUG] env.CLAUDE_CODE_EXECPATH: /usr/local/Caskroom/claude-code/2.1.224/claude
[DEBUG] env.CLAUDE_CODE_MESSAGING_SOCKET: /tmp/cc-socks/16758.sock
[DEBUG] env.CLAUDE_CODE_SESSION_ID: 78d5aec3-9d23-474c-8812-a9f043c46bb3
[DEBUG] env.CLAUDE_EFFORT: high
[DEBUG] env.CLAUDE_PID: 16758
[DEBUG] env.COMMAND_MODE: unix2003
[DEBUG] env.COREPACK_ENABLE_AUTO_PIN: 0
[DEBUG] env.FIG_TERM: 1
[DEBUG] env.FPATH: /usr/local/share/zsh/site-functions:/usr/local/share/zsh/site-functions:/usr/share/zsh/site-functions:/usr/share/zsh/5.9/functions
[DEBUG] env.GIT_EDITOR: true
[DEBUG] env.HOME: /Users/dcaron
[DEBUG] env.HOMEBREW_CELLAR: /usr/local/Cellar
[DEBUG] env.HOMEBREW_PREFIX: /usr/local
[DEBUG] env.HOMEBREW_REPOSITORY: /usr/local/Homebrew
[DEBUG] env.INFOPATH: /usr/local/share/info:
[DEBUG] env.JAVA_HOME: /Users/dcaron/.sdkman/candidates/java/25.0.3-librca
[DEBUG] env.LANG: C.UTF-8
[DEBUG] env.LC_CTYPE: UTF-8
[DEBUG] env.LOGNAME: dcaron
[DEBUG] env.LaunchInstanceID: 182BD837-466D-45EC-8ED9-432C17C22DE7
[DEBUG] env.MAVEN_CMD_LINE_ARGS:  -B process-test-classes org.openrewrite.maven:rewrite-maven-plugin:6.44.0:runNoFork -Drewrite.recipeArtifactCoordinates=com.vmware.tanzu.spring.recipes:java-recipes:1.7.5,com.vmware.tanzu.spring.recipes:rewrite-migrate-java:1.7.5,com.vmware.tanzu.spring.recipes:rewrite-spring:1.7.5,com.vmware.tanzu.spring.recipes:spring-boot-2-upgrade-recipes:1.7.5,com.vmware.tanzu.spring.recipes:spring-boot-3-upgrade-recipes:1.7.5,com.vmware.tanzu.spring.recipes:spring-boot-4-upgrade-recipes:1.7.5 -Drewrite.activeRecipes=com.vmware.tanzu.MainAdvisorRecipe -Drewrite.failOnInvalidActiveRecipes=true -Drewrite.configLocation=/Users/dcaron/Documents/src/spring-io-barcelona-2025-spring-kafka-the-advance-features/repros/02-missing-recipe-bundle/.advisor/44f81a47-8e98-42d3-a2ee-0c501914cdd9-rewrite.yml -X -e -Dorg.slf4j.simpleLogger.defaultLogLevel=debug
[DEBUG] env.MAVEN_HOME: /Users/dcaron/.sdkman/candidates/maven/current
[DEBUG] env.MAVEN_PROJECTBASEDIR: /Users/dcaron/Documents/src/spring-io-barcelona-2025-spring-kafka-the-advance-features
[DEBUG] env.NoDefaultCurrentDirectoryInExePath: 1
[DEBUG] env.OLDPWD: /Users/dcaron/Documents/src/spring-io-barcelona-2025-spring-kafka-the-advance-features/repros/02-missing-recipe-bundle
[DEBUG] env.OSLogRateLimit: 64
[DEBUG] env.PATH: /Users/dcaron/.sdkman/candidates/java/25.0.3-librca/bin:/Users/dcaron/.sdkman/candidates/maven/current/bin:/Users/dcaron/.sdkman/candidates/java/current/bin:/usr/local/bin:/usr/local/sbin:/System/Cryptexes/App/usr/bin:/usr/bin:/bin:/usr/sbin:/sbin:/var/run/com.apple.security.cryptexd/codex.system/bootstrap/usr/local/bin:/var/run/com.apple.security.cryptexd/codex.system/bootstrap/usr/bin:/var/run/com.apple.security.cryptexd/codex.system/bootstrap/usr/appleinternal/bin:/pkg/env/global/bin:/Users/dcaron/.claude/plugins/cache/claude-hud/claude-hud/0.5.1/bin
[DEBUG] env.PROCESS_LAUNCHED_BY_CW: 1
[DEBUG] env.PROCESS_LAUNCHED_BY_Q: 1
[DEBUG] env.PWD: /Users/dcaron/Documents/src/spring-io-barcelona-2025-spring-kafka-the-advance-features/repros/02-missing-recipe-bundle
[DEBUG] env.SDKMAN_BROKER_API: https://broker.sdkman.io
[DEBUG] env.SDKMAN_CANDIDATES_API: https://api.sdkman.io/2
[DEBUG] env.SDKMAN_CANDIDATES_DIR: /Users/dcaron/.sdkman/candidates
[DEBUG] env.SDKMAN_DIR: /Users/dcaron/.sdkman
[DEBUG] env.SDKMAN_PLATFORM: darwinx64
[DEBUG] env.SECURITYSESSIONID: 186a3
[DEBUG] env.SHELL: /bin/zsh
[DEBUG] env.SHLVL: 3
[DEBUG] env.SSH_AUTH_SOCK: /var/run/com.apple.launchd.qgAHcblvlm/Listeners
[DEBUG] env.TANZU_ARTIFACTORY_EXPIRATION: Fri Aug 21 2026 16:15:00 GMT+0200
[DEBUG] env.TANZU_ARTIFACTORY_TOKEN: [REDACTED-JFROG-TOKEN]
[DEBUG] env.TANZU_ARTIFACTORY_USER: david.caron@broadcom.com
[DEBUG] env.TERM: xterm-256color
[DEBUG] env.TERMINAL_EMULATOR: JetBrains-JediTerm
[DEBUG] env.TERM_SESSION_ID: d554574a-557d-4ead-930c-3476dce43cc6
[DEBUG] env.TMPDIR: /var/folders/0g/4x11y5t97hbfvmyvsj_ncdrm0000gn/T/
[DEBUG] env.USER: dcaron
[DEBUG] env.XPC_FLAGS: 0x0
[DEBUG] env.XPC_SERVICE_NAME: 0
[DEBUG] env.__CFBundleIdentifier: com.jetbrains.intellij
[DEBUG] env.__CF_USER_TEXT_ENCODING: 0x1F5:0x0:0x0
[DEBUG] file.encoding: UTF-8
[DEBUG] file.separator: /
[DEBUG] flyway.version: 11.7.2
[DEBUG] freemarker.version: 2.3.34
[DEBUG] ftp.nonProxyHosts: local|*.local|169.254/16|*.169.254/16
[DEBUG] git-commit-id-maven-plugin.version: 9.0.2
[DEBUG] glassfish-jaxb.version: 4.0.9
[DEBUG] glassfish-jstl.version: 3.0.1
[DEBUG] graphql-java.version: 24.3
[DEBUG] groovy.version: 4.0.32
[DEBUG] gson.version: 2.13.2
[DEBUG] h2.version: 2.3.232
[DEBUG] hamcrest.version: 3.0
[DEBUG] hazelcast.version: 5.5.0
[DEBUG] hibernate-validator.version: 8.0.3.Final
[DEBUG] hibernate.version: 6.6.53.Final
[DEBUG] hikaricp.version: 6.3.3
[DEBUG] hsqldb.version: 2.7.3
[DEBUG] htmlunit.version: 4.11.1
[DEBUG] http.nonProxyHosts: local|*.local|169.254/16|*.169.254/16
[DEBUG] httpasyncclient.version: 4.1.5
[DEBUG] httpclient5.version: 5.5.2
[DEBUG] httpcore.version: 4.4.16
[DEBUG] httpcore5.version: 5.3.6
[DEBUG] infinispan.version: 15.2.6.Final
[DEBUG] influxdb-java.version: 2.25
[DEBUG] jackson-bom.version: 2.21.4
[DEBUG] jakarta-activation.version: 2.1.4
[DEBUG] jakarta-annotation.version: 2.1.1
[DEBUG] jakarta-inject.version: 2.0.1
[DEBUG] jakarta-jms.version: 3.1.0
[DEBUG] jakarta-json-bind.version: 3.0.2
[DEBUG] jakarta-json.version: 2.1.3
[DEBUG] jakarta-mail.version: 2.1.5
[DEBUG] jakarta-management.version: 1.1.4
[DEBUG] jakarta-persistence.version: 3.1.0
[DEBUG] jakarta-servlet-jsp-jstl.version: 3.0.2
[DEBUG] jakarta-servlet.version: 6.0.0
[DEBUG] jakarta-transaction.version: 2.0.1
[DEBUG] jakarta-validation.version: 3.0.2
[DEBUG] jakarta-websocket.version: 2.1.1
[DEBUG] jakarta-ws-rs.version: 3.1.0
[DEBUG] jakarta-xml-bind.version: 4.0.5
[DEBUG] jakarta-xml-soap.version: 3.0.2
[DEBUG] jakarta-xml-ws.version: 4.0.3
[DEBUG] janino.version: 3.1.12
[DEBUG] java.class.path: /Users/dcaron/.sdkman/candidates/maven/current/boot/plexus-classworlds-2.11.0.jar
[DEBUG] java.class.version: 69.0
[DEBUG] java.home: /Users/dcaron/.sdkman/candidates/java/25.0.3-librca
[DEBUG] java.io.tmpdir: /var/folders/0g/4x11y5t97hbfvmyvsj_ncdrm0000gn/T/
[DEBUG] java.library.path: /Users/dcaron/Library/Java/Extensions:/Library/Java/Extensions:/Network/Library/Java/Extensions:/System/Library/Java/Extensions:/usr/lib/java:.
[DEBUG] java.runtime.name: OpenJDK Runtime Environment
[DEBUG] java.runtime.version: 25.0.3+11-LTS
[DEBUG] java.specification.name: Java Platform API Specification
[DEBUG] java.specification.vendor: Oracle Corporation
[DEBUG] java.specification.version: 25
[DEBUG] java.vendor: BellSoft
[DEBUG] java.vendor.url: https://bell-sw.com/
[DEBUG] java.vendor.url.bug: https://bell-sw.com/support
[DEBUG] java.version: 25.0.3
[DEBUG] java.version.date: 2026-04-21
[DEBUG] java.vm.compressedOopsMode: Zero based
[DEBUG] java.vm.info: mixed mode, sharing
[DEBUG] java.vm.name: OpenJDK 64-Bit Server VM
[DEBUG] java.vm.specification.name: Java Virtual Machine Specification
[DEBUG] java.vm.specification.vendor: Oracle Corporation
[DEBUG] java.vm.specification.version: 25
[DEBUG] java.vm.vendor: BellSoft
[DEBUG] java.vm.version: 25.0.3+11-LTS
[DEBUG] javax-cache.version: 1.1.1
[DEBUG] javax-money.version: 1.1
[DEBUG] jaxen.version: 2.0.6
[DEBUG] jaybird.version: 6.0.5
[DEBUG] jboss-logging.version: 3.6.3.Final
[DEBUG] jdk.debug: release
[DEBUG] jdom2.version: 2.0.6.1
[DEBUG] jedis.version: 6.0.0
[DEBUG] jersey.version: 3.1.11
[DEBUG] jetty-reactive-httpclient.version: 4.0.14
[DEBUG] jetty.version: 12.0.36
[DEBUG] jmustache.version: 1.16
[DEBUG] jooq.version: 3.19.35
[DEBUG] json-path.version: 2.9.0
[DEBUG] json-smart.version: 2.5.2
[DEBUG] jsonassert.version: 1.5.3
[DEBUG] jtds.version: 1.3.1
[DEBUG] junit-jupiter.version: 5.12.2
[DEBUG] junit.version: 4.13.2
[DEBUG] kafka.version: 3.9.2
[DEBUG] kotlin-coroutines.version: 1.8.1
[DEBUG] kotlin-serialization.version: 1.6.3
[DEBUG] kotlin.version: 1.9.25
[DEBUG] lettuce.version: 6.6.0.RELEASE
[DEBUG] library.jansi.path: /Users/dcaron/.sdkman/candidates/maven/current/lib/jansi-native
[DEBUG] line.separator: 

[DEBUG] liquibase.version: 4.31.1
[DEBUG] log4j2.version: 2.24.3
[DEBUG] logback.version: 1.5.34
[DEBUG] lombok.version: 1.18.46
[DEBUG] mariadb.version: 3.5.8
[DEBUG] maven-antrun-plugin.version: 3.1.0
[DEBUG] maven-assembly-plugin.version: 3.7.1
[DEBUG] maven-clean-plugin.version: 3.4.1
[DEBUG] maven-compiler-plugin.version: 3.14.1
[DEBUG] maven-dependency-plugin.version: 3.8.1
[DEBUG] maven-deploy-plugin.version: 3.1.4
[DEBUG] maven-enforcer-plugin.version: 3.5.0
[DEBUG] maven-failsafe-plugin.version: 3.5.6
[DEBUG] maven-help-plugin.version: 3.5.1
[DEBUG] maven-install-plugin.version: 3.1.4
[DEBUG] maven-invoker-plugin.version: 3.9.1
[DEBUG] maven-jar-plugin.version: 3.4.2
[DEBUG] maven-javadoc-plugin.version: 3.11.3
[DEBUG] maven-resources-plugin.version: 3.3.1
[DEBUG] maven-shade-plugin.version: 3.6.2
[DEBUG] maven-source-plugin.version: 3.3.1
[DEBUG] maven-surefire-plugin.version: 3.5.6
[DEBUG] maven-war-plugin.version: 3.4.0
[DEBUG] maven.build.timestamp: 2026-08-20T12:46:52Z
[DEBUG] maven.build.version: Apache Maven 3.9.16 (2bdd9fddda4b155ebf8000e807eb73fd829a51d5)
[DEBUG] maven.compiler.release: 21
[DEBUG] maven.conf: /Users/dcaron/.sdkman/candidates/maven/current/conf
[DEBUG] maven.home: /Users/dcaron/.sdkman/candidates/maven/current
[DEBUG] maven.multiModuleProjectDirectory: /Users/dcaron/Documents/src/spring-io-barcelona-2025-spring-kafka-the-advance-features
[DEBUG] maven.version: 3.9.16
[DEBUG] micrometer-tracing.version: 1.5.12
[DEBUG] micrometer.version: 1.15.12
[DEBUG] mockito.version: 5.17.0
[DEBUG] mongodb.version: 5.5.2
[DEBUG] mssql-jdbc.version: 12.10.2.jre11
[DEBUG] mysql.version: 9.7.0
[DEBUG] native-build-tools-plugin.version: 0.10.6
[DEBUG] native.encoding: UTF-8
[DEBUG] nekohtml.version: 1.9.22
[DEBUG] neo4j-java-driver.version: 5.28.13
[DEBUG] netty.version: 4.1.135.Final
[DEBUG] opentelemetry.version: 1.49.0
[DEBUG] oracle-database.version: 23.7.0.25.01
[DEBUG] oracle-r2dbc.version: 1.3.0
[DEBUG] org.slf4j.simpleLogger.defaultLogLevel: debug
[DEBUG] os.arch: x86_64
[DEBUG] os.name: Mac OS X
[DEBUG] os.version: 26.6.2
[DEBUG] path.separator: :
[DEBUG] pooled-jms.version: 3.1.9
[DEBUG] postgresql.version: 42.7.11
[DEBUG] project.baseUri: file:/Users/dcaron/Documents/src/spring-io-barcelona-2025-spring-kafka-the-advance-features/repros/02-missing-recipe-bundle/app/
[DEBUG] project.build.sourceEncoding: UTF-8
[DEBUG] project.reporting.outputEncoding: UTF-8
[DEBUG] prometheus-client.version: 1.3.10
[DEBUG] prometheus-simpleclient.version: 0.16.0
[DEBUG] pulsar-reactive.version: 0.6.0
[DEBUG] pulsar.version: 4.0.11
[DEBUG] quartz.version: 2.5.2
[DEBUG] querydsl.version: 5.1.0
[DEBUG] r2dbc-h2.version: 1.0.1.RELEASE
[DEBUG] r2dbc-mariadb.version: 1.3.0
[DEBUG] r2dbc-mssql.version: 1.0.4.RELEASE
[DEBUG] r2dbc-mysql.version: 1.4.2
[DEBUG] r2dbc-pool.version: 1.0.2.RELEASE
[DEBUG] r2dbc-postgresql.version: 1.0.9.RELEASE
[DEBUG] r2dbc-proxy.version: 1.1.6.RELEASE
[DEBUG] r2dbc-spi.version: 1.0.0.RELEASE
[DEBUG] rabbit-amqp-client.version: 5.25.0
[DEBUG] rabbit-stream-client.version: 0.23.0
[DEBUG] reactive-streams.version: 1.0.4
[DEBUG] reactor-bom.version: 2024.0.18
[DEBUG] resource.delimiter: @
[DEBUG] rest-assured.version: 5.5.7
[DEBUG] rewrite.activeRecipes: com.vmware.tanzu.MainAdvisorRecipe
[DEBUG] rewrite.configLocation: /Users/dcaron/Documents/src/spring-io-barcelona-2025-spring-kafka-the-advance-features/repros/02-missing-recipe-bundle/.advisor/44f81a47-8e98-42d3-a2ee-0c501914cdd9-rewrite.yml
[DEBUG] rewrite.failOnInvalidActiveRecipes: true
[DEBUG] rewrite.recipeArtifactCoordinates: com.vmware.tanzu.spring.recipes:java-recipes:1.7.5,com.vmware.tanzu.spring.recipes:rewrite-migrate-java:1.7.5,com.vmware.tanzu.spring.recipes:rewrite-spring:1.7.5,com.vmware.tanzu.spring.recipes:spring-boot-2-upgrade-recipes:1.7.5,com.vmware.tanzu.spring.recipes:spring-boot-3-upgrade-recipes:1.7.5,com.vmware.tanzu.spring.recipes:spring-boot-4-upgrade-recipes:1.7.5
[DEBUG] rsocket.version: 1.1.5
[DEBUG] rxjava3.version: 3.1.12
[DEBUG] saaj-impl.version: 3.0.6
[DEBUG] selenium-htmlunit.version: 4.30.0
[DEBUG] selenium.version: 4.31.0
[DEBUG] sendgrid.version: 4.10.3
[DEBUG] slf4j.version: 2.0.18
[DEBUG] snakeyaml.version: 2.4
[DEBUG] socksNonProxyHosts: local|*.local|169.254/16|*.169.254/16
[DEBUG] spring-amqp.version: 3.2.12
[DEBUG] spring-authorization-server.version: 1.5.8
[DEBUG] spring-batch.version: 5.2.6
[DEBUG] spring-boot.run.main-class: ${start-class}
[DEBUG] spring-data-bom.version: 2025.0.13
[DEBUG] spring-framework.version: 6.2.19
[DEBUG] spring-graphql.version: 1.4.6
[DEBUG] spring-hateoas.version: 2.5.3
[DEBUG] spring-integration.version: 6.5.10
[DEBUG] spring-kafka.version: 3.3.16
[DEBUG] spring-ldap.version: 3.3.8
[DEBUG] spring-pulsar.version: 1.2.18
[DEBUG] spring-restdocs.version: 3.0.6
[DEBUG] spring-retry.version: 2.0.13
[DEBUG] spring-security.version: 6.5.11
[DEBUG] spring-session.version: 3.5.7
[DEBUG] spring-ws.version: 4.1.4
[DEBUG] sqlite-jdbc.version: 3.49.1.0
[DEBUG] stderr.encoding: UTF-8
[DEBUG] stdin.encoding: UTF-8
[DEBUG] stdout.encoding: UTF-8
[DEBUG] sun.arch.data.model: 64
[DEBUG] sun.boot.library.path: /Users/dcaron/.sdkman/candidates/java/25.0.3-librca/lib
[DEBUG] sun.cpu.endian: little
[DEBUG] sun.io.unicode.encoding: UnicodeBig
[DEBUG] sun.java.command: org.codehaus.plexus.classworlds.launcher.Launcher -B process-test-classes org.openrewrite.maven:rewrite-maven-plugin:6.44.0:runNoFork -Drewrite.recipeArtifactCoordinates=com.vmware.tanzu.spring.recipes:java-recipes:1.7.5,com.vmware.tanzu.spring.recipes:rewrite-migrate-java:1.7.5,com.vmware.tanzu.spring.recipes:rewrite-spring:1.7.5,com.vmware.tanzu.spring.recipes:spring-boot-2-upgrade-recipes:1.7.5,com.vmware.tanzu.spring.recipes:spring-boot-3-upgrade-recipes:1.7.5,com.vmware.tanzu.spring.recipes:spring-boot-4-upgrade-recipes:1.7.5 -Drewrite.activeRecipes=com.vmware.tanzu.MainAdvisorRecipe -Drewrite.failOnInvalidActiveRecipes=true -Drewrite.configLocation=/Users/dcaron/Documents/src/spring-io-barcelona-2025-spring-kafka-the-advance-features/repros/02-missing-recipe-bundle/.advisor/44f81a47-8e98-42d3-a2ee-0c501914cdd9-rewrite.yml -X -e -Dorg.slf4j.simpleLogger.defaultLogLevel=debug
[DEBUG] sun.java.launcher: SUN_STANDARD
[DEBUG] sun.jnu.encoding: UTF-8
[DEBUG] sun.management.compiler: HotSpot 64-Bit Tiered Compilers
[DEBUG] testcontainers-redis-module.version: 2.2.4
[DEBUG] testcontainers.version: 1.21.4
[DEBUG] thymeleaf-extras-data-attribute.version: 2.0.1
[DEBUG] thymeleaf-extras-springsecurity.version: 3.1.5.RELEASE
[DEBUG] thymeleaf-layout-dialect.version: 3.4.0
[DEBUG] thymeleaf.version: 3.1.5.RELEASE
[DEBUG] tomcat.version: 10.1.55
[DEBUG] unboundid-ldapsdk.version: 7.0.4
[DEBUG] undertow.version: 2.3.24.Final
[DEBUG] user.country: NL
[DEBUG] user.dir: /Users/dcaron/Documents/src/spring-io-barcelona-2025-spring-kafka-the-advance-features/repros/02-missing-recipe-bundle
[DEBUG] user.home: /Users/dcaron
[DEBUG] user.language: en
[DEBUG] user.name: dcaron
[DEBUG] versions-maven-plugin.version: 2.18.0
[DEBUG] vibur.version: 26.0
[DEBUG] webjars-locator-core.version: 0.59
[DEBUG] webjars-locator-lite.version: 1.1.3
[DEBUG] wsdl4j.version: 1.6.3
[DEBUG] xml-maven-plugin.version: 1.1.0
[DEBUG] xmlunit2.version: 2.10.4
[DEBUG] yasson.version: 3.0.4
[DEBUG] zipkin-reporter.version: 3.5.3
[DEBUG] Using 'UTF-8' encoding to copy filtered resources.
[DEBUG] Using 'UTF-8' encoding to copy filtered properties files.
[DEBUG] resource with targetPath null
directory /Users/dcaron/Documents/src/spring-io-barcelona-2025-spring-kafka-the-advance-features/repros/02-missing-recipe-bundle/app/src/main/resources
excludes []
includes [**/application*.yml, **/application*.yaml, **/application*.properties]
[INFO] skip non existing resourceDirectory /Users/dcaron/Documents/src/spring-io-barcelona-2025-spring-kafka-the-advance-features/repros/02-missing-recipe-bundle/app/src/main/resources
[DEBUG] resource with targetPath null
directory /Users/dcaron/Documents/src/spring-io-barcelona-2025-spring-kafka-the-advance-features/repros/02-missing-recipe-bundle/app/src/main/resources
excludes [**/application*.yml, **/application*.yaml, **/application*.properties]
includes []
[INFO] skip non existing resourceDirectory /Users/dcaron/Documents/src/spring-io-barcelona-2025-spring-kafka-the-advance-features/repros/02-missing-recipe-bundle/app/src/main/resources
[DEBUG] no user filter components
[INFO] 
[INFO] --- compiler:3.14.1:compile (default-compile) @ missing-recipe-repro-app ---
[DEBUG] Using mirror maven-default-http-blocker (http://0.0.0.0/) for apache.snapshots (http://repository.apache.org/snapshots).
[DEBUG] Dependency collection stats {ConflictMarker.analyzeTime=30038, ConflictMarker.markTime=21098, ConflictMarker.nodeCount=23, ConflictIdSorter.graphTime=8796, ConflictIdSorter.topsortTime=13337, ConflictIdSorter.conflictIdCount=14, ConflictIdSorter.conflictIdCycleCount=0, ConflictResolver.totalTime=226024, ConflictResolver.conflictItemCount=23, DfDependencyCollector.collectTime=39154960, DfDependencyCollector.transformTime=313283}
[DEBUG] org.apache.maven.plugins:maven-compiler-plugin:jar:3.14.1
[DEBUG]    org.ow2.asm:asm:jar:9.8:compile
[DEBUG]    org.apache.maven.shared:maven-shared-utils:jar:3.4.2:compile
[DEBUG]       org.slf4j:slf4j-api:jar:1.7.36:compile
[DEBUG]       commons-io:commons-io:jar:2.11.0:compile
[DEBUG]    org.apache.maven.shared:maven-shared-incremental:jar:1.1:compile
[DEBUG]    org.codehaus.plexus:plexus-java:jar:1.5.0:compile
[DEBUG]       com.thoughtworks.qdox:qdox:jar:2.2.0:compile
[DEBUG]    org.codehaus.plexus:plexus-compiler-api:jar:2.15.0:compile
[DEBUG]    org.codehaus.plexus:plexus-compiler-manager:jar:2.15.0:compile
[DEBUG]       javax.inject:javax.inject:jar:1:compile
[DEBUG]       org.codehaus.plexus:plexus-xml:jar:3.0.1:compile (version managed from default)
[DEBUG]    org.codehaus.plexus:plexus-compiler-javac:jar:2.15.0:runtime
[DEBUG]    org.codehaus.plexus:plexus-utils:jar:4.0.2:compile
[DEBUG] Created new class realm plugin>org.apache.maven.plugins:maven-compiler-plugin:3.14.1
[DEBUG] Importing foreign packages into class realm plugin>org.apache.maven.plugins:maven-compiler-plugin:3.14.1
[DEBUG]   Imported:  < maven.api
[DEBUG] Populating class realm plugin>org.apache.maven.plugins:maven-compiler-plugin:3.14.1
[DEBUG]   Included: org.apache.maven.plugins:maven-compiler-plugin:jar:3.14.1
[DEBUG]   Included: org.ow2.asm:asm:jar:9.8
[DEBUG]   Included: org.apache.maven.shared:maven-shared-utils:jar:3.4.2
[DEBUG]   Included: commons-io:commons-io:jar:2.11.0
[DEBUG]   Included: org.apache.maven.shared:maven-shared-incremental:jar:1.1
[DEBUG]   Included: org.codehaus.plexus:plexus-java:jar:1.5.0
[DEBUG]   Included: com.thoughtworks.qdox:qdox:jar:2.2.0
[DEBUG]   Included: org.codehaus.plexus:plexus-compiler-api:jar:2.15.0
[DEBUG]   Included: org.codehaus.plexus:plexus-compiler-manager:jar:2.15.0
[DEBUG]   Included: org.codehaus.plexus:plexus-xml:jar:3.0.1
[DEBUG]   Included: org.codehaus.plexus:plexus-compiler-javac:jar:2.15.0
[DEBUG]   Included: org.codehaus.plexus:plexus-utils:jar:4.0.2
[DEBUG] Loading mojo org.apache.maven.plugins:maven-compiler-plugin:3.14.1:compile from plugin realm ClassRealm[plugin>org.apache.maven.plugins:maven-compiler-plugin:3.14.1, parent: jdk.internal.loader.ClassLoaders$AppClassLoader@5bc2b487]
[DEBUG] Configuring mojo execution 'org.apache.maven.plugins:maven-compiler-plugin:3.14.1:compile:default-compile' with basic configurator -->
[DEBUG]   (f) annotationProcessorPathsUseDepMgmt = false
[DEBUG]   (f) basedir = /Users/dcaron/Documents/src/spring-io-barcelona-2025-spring-kafka-the-advance-features/repros/02-missing-recipe-bundle/app
[DEBUG]   (f) buildDirectory = /Users/dcaron/Documents/src/spring-io-barcelona-2025-spring-kafka-the-advance-features/repros/02-missing-recipe-bundle/app/target
[DEBUG]   (f) compilePath = [/Users/dcaron/Documents/src/spring-io-barcelona-2025-spring-kafka-the-advance-features/repros/02-missing-recipe-bundle/app/target/classes, /Users/dcaron/.m2/repository/org/springframework/boot/spring-boot-starter/3.5.16/spring-boot-starter-3.5.16.jar, /Users/dcaron/.m2/repository/org/springframework/boot/spring-boot/3.5.16/spring-boot-3.5.16.jar, /Users/dcaron/.m2/repository/org/springframework/spring-context/6.2.19/spring-context-6.2.19.jar, /Users/dcaron/.m2/repository/org/springframework/spring-aop/6.2.19/spring-aop-6.2.19.jar, /Users/dcaron/.m2/repository/org/springframework/spring-beans/6.2.19/spring-beans-6.2.19.jar, /Users/dcaron/.m2/repository/org/springframework/spring-expression/6.2.19/spring-expression-6.2.19.jar, /Users/dcaron/.m2/repository/io/micrometer/micrometer-observation/1.15.12/micrometer-observation-1.15.12.jar, /Users/dcaron/.m2/repository/io/micrometer/micrometer-commons/1.15.12/micrometer-commons-1.15.12.jar, /Users/dcaron/.m2/repository/org/springframework/boot/spring-boot-autoconfigure/3.5.16/spring-boot-autoconfigure-3.5.16.jar, /Users/dcaron/.m2/repository/org/springframework/boot/spring-boot-starter-logging/3.5.16/spring-boot-starter-logging-3.5.16.jar, /Users/dcaron/.m2/repository/ch/qos/logback/logback-classic/1.5.34/logback-classic-1.5.34.jar, /Users/dcaron/.m2/repository/ch/qos/logback/logback-core/1.5.34/logback-core-1.5.34.jar, /Users/dcaron/.m2/repository/org/apache/logging/log4j/log4j-to-slf4j/2.24.3/log4j-to-slf4j-2.24.3.jar, /Users/dcaron/.m2/repository/org/apache/logging/log4j/log4j-api/2.24.3/log4j-api-2.24.3.jar, /Users/dcaron/.m2/repository/org/slf4j/jul-to-slf4j/2.0.18/jul-to-slf4j-2.0.18.jar, /Users/dcaron/.m2/repository/jakarta/annotation/jakarta.annotation-api/2.1.1/jakarta.annotation-api-2.1.1.jar, /Users/dcaron/.m2/repository/org/springframework/spring-core/6.2.19/spring-core-6.2.19.jar, /Users/dcaron/.m2/repository/org/springframework/spring-jcl/6.2.19/spring-jcl-6.2.19.jar, /Users/dcaron/.m2/repository/org/yaml/snakeyaml/2.4/snakeyaml-2.4.jar, /Users/dcaron/.m2/repository/org/slf4j/slf4j-api/2.0.18/slf4j-api-2.0.18.jar]
[DEBUG]   (f) compileSourceRoots = [/Users/dcaron/Documents/src/spring-io-barcelona-2025-spring-kafka-the-advance-features/repros/02-missing-recipe-bundle/app/src/main/java]
[DEBUG]   (f) compilerId = javac
[DEBUG]   (f) createMissingPackageInfoClass = true
[DEBUG]   (f) debug = true
[DEBUG]   (f) debugFileName = javac
[DEBUG]   (f) enablePreview = false
[DEBUG]   (f) encoding = UTF-8
[DEBUG]   (f) failOnError = true
[DEBUG]   (f) failOnWarning = false
[DEBUG]   (f) fileExtensions = [jar, class]
[DEBUG]   (f) forceJavacCompilerUse = false
[DEBUG]   (f) forceLegacyJavacApi = false
[DEBUG]   (f) fork = false
[DEBUG]   (f) generatedSourcesDirectory = /Users/dcaron/Documents/src/spring-io-barcelona-2025-spring-kafka-the-advance-features/repros/02-missing-recipe-bundle/app/target/generated-sources/annotations
[DEBUG]   (f) moduleVersion = 0.0.1-SNAPSHOT
[DEBUG]   (f) mojoExecution = org.apache.maven.plugins:maven-compiler-plugin:3.14.1:compile {execution: default-compile}
[DEBUG]   (f) optimize = false
[DEBUG]   (f) outputDirectory = /Users/dcaron/Documents/src/spring-io-barcelona-2025-spring-kafka-the-advance-features/repros/02-missing-recipe-bundle/app/target/classes
[DEBUG]   (f) parameters = true
[DEBUG]   (f) project = MavenProject: com.example:missing-recipe-repro-app:0.0.1-SNAPSHOT @ /Users/dcaron/Documents/src/spring-io-barcelona-2025-spring-kafka-the-advance-features/repros/02-missing-recipe-bundle/app/pom.xml
[DEBUG]   (f) projectArtifact = com.example:missing-recipe-repro-app:jar:0.0.1-SNAPSHOT
[DEBUG]   (s) release = 21
[DEBUG]   (f) session = org.apache.maven.execution.MavenSession@60b34931
[DEBUG]   (f) showCompilationChanges = false
[DEBUG]   (f) showDeprecation = false
[DEBUG]   (f) showWarnings = true
[DEBUG]   (f) skipMultiThreadWarning = false
[DEBUG]   (f) source = 1.8
[DEBUG]   (f) staleMillis = 0
[DEBUG]   (s) target = 1.8
[DEBUG]   (f) useIncrementalCompilation = true
[DEBUG]   (f) useModuleVersion = true
[DEBUG]   (f) verbose = false
[DEBUG] -- end configuration --
[DEBUG] Using compiler 'javac'.
[DEBUG] CompilerReuseStrategy: reuseCreated
[DEBUG] useIncrementalCompilation enabled
[INFO] Nothing to compile - all classes are up to date.
[DEBUG] Adding /Users/dcaron/Documents/src/spring-io-barcelona-2025-spring-kafka-the-advance-features/repros/02-missing-recipe-bundle/app/target/generated-sources/annotations to the project compile source roots but NOT the actual compile source roots:
  /Users/dcaron/Documents/src/spring-io-barcelona-2025-spring-kafka-the-advance-features/repros/02-missing-recipe-bundle/app/src/main/java
[INFO] 
[INFO] --- resources:3.3.1:testResources (default-testResources) @ missing-recipe-repro-app ---
[DEBUG] Loading mojo org.apache.maven.plugins:maven-resources-plugin:3.3.1:testResources from plugin realm ClassRealm[plugin>org.apache.maven.plugins:maven-resources-plugin:3.3.1, parent: jdk.internal.loader.ClassLoaders$AppClassLoader@5bc2b487]
[DEBUG] Configuring mojo execution 'org.apache.maven.plugins:maven-resources-plugin:3.3.1:testResources:default-testResources' with basic configurator -->
[DEBUG]   (f) addDefaultExcludes = true
[DEBUG]   (f) buildFilters = []
[DEBUG]   (s) delimiters = [@]
[DEBUG]   (f) encoding = UTF-8
[DEBUG]   (f) escapeWindowsPaths = true
[DEBUG]   (f) fileNameFiltering = false
[DEBUG]   (s) includeEmptyDirs = false
[DEBUG]   (s) outputDirectory = /Users/dcaron/Documents/src/spring-io-barcelona-2025-spring-kafka-the-advance-features/repros/02-missing-recipe-bundle/app/target/test-classes
[DEBUG]   (s) overwrite = false
[DEBUG]   (f) project = MavenProject: com.example:missing-recipe-repro-app:0.0.1-SNAPSHOT @ /Users/dcaron/Documents/src/spring-io-barcelona-2025-spring-kafka-the-advance-features/repros/02-missing-recipe-bundle/app/pom.xml
[DEBUG]   (f) propertiesEncoding = UTF-8
[DEBUG]   (s) resources = [Resource {targetPath: null, filtering: false, FileSet {directory: /Users/dcaron/Documents/src/spring-io-barcelona-2025-spring-kafka-the-advance-features/repros/02-missing-recipe-bundle/app/src/test/resources, PatternSet [includes: {}, excludes: {}]}}]
[DEBUG]   (f) session = org.apache.maven.execution.MavenSession@60b34931
[DEBUG]   (f) skip = false
[DEBUG]   (f) supportMultiLineFiltering = false
[DEBUG]   (f) useBuildFilters = true
[DEBUG]   (s) useDefaultDelimiters = false
[DEBUG] -- end configuration --
[DEBUG] properties used:
[DEBUG] activemq.version: 6.1.8
[DEBUG] angus-mail.version: 2.0.5
[DEBUG] apple.awt.application.name: Launcher
[DEBUG] artemis.version: 2.40.0
[DEBUG] aspectj.version: 1.9.25.1
[DEBUG] assertj.version: 3.27.7
[DEBUG] awaitility.version: 4.2.2
[DEBUG] brave.version: 6.1.0
[DEBUG] build-helper-maven-plugin.version: 3.6.1
[DEBUG] byte-buddy.version: 1.17.8
[DEBUG] cache2k.version: 2.6.1.Final
[DEBUG] caffeine.version: 3.2.4
[DEBUG] cassandra-driver.version: 4.19.3
[DEBUG] classmate.version: 1.7.3
[DEBUG] classworlds.conf: /Users/dcaron/.sdkman/candidates/maven/current/bin/m2.conf
[DEBUG] commons-codec.version: 1.18.0
[DEBUG] commons-dbcp2.version: 2.13.0
[DEBUG] commons-lang3.version: 3.17.0
[DEBUG] commons-pool.version: 1.6
[DEBUG] commons-pool2.version: 2.12.1
[DEBUG] couchbase-client.version: 3.8.3
[DEBUG] crac.version: 1.5.0
[DEBUG] cyclonedx-maven-plugin.version: 2.9.1
[DEBUG] db2-jdbc.version: 12.1.4.0
[DEBUG] dependency-management-plugin.version: 1.1.7
[DEBUG] derby.version: 10.16.1.1
[DEBUG] ehcache3.version: 3.10.9
[DEBUG] elasticsearch-client.version: 8.18.8
[DEBUG] env.AI_AGENT: claude-code_2-1-224_agent
[DEBUG] env.CLAUDECODE: 1
[DEBUG] env.CLAUDE_CODE_CHILD_SESSION: 1
[DEBUG] env.CLAUDE_CODE_ENTRYPOINT: cli
[DEBUG] env.CLAUDE_CODE_EXECPATH: /usr/local/Caskroom/claude-code/2.1.224/claude
[DEBUG] env.CLAUDE_CODE_MESSAGING_SOCKET: /tmp/cc-socks/16758.sock
[DEBUG] env.CLAUDE_CODE_SESSION_ID: 78d5aec3-9d23-474c-8812-a9f043c46bb3
[DEBUG] env.CLAUDE_EFFORT: high
[DEBUG] env.CLAUDE_PID: 16758
[DEBUG] env.COMMAND_MODE: unix2003
[DEBUG] env.COREPACK_ENABLE_AUTO_PIN: 0
[DEBUG] env.FIG_TERM: 1
[DEBUG] env.FPATH: /usr/local/share/zsh/site-functions:/usr/local/share/zsh/site-functions:/usr/share/zsh/site-functions:/usr/share/zsh/5.9/functions
[DEBUG] env.GIT_EDITOR: true
[DEBUG] env.HOME: /Users/dcaron
[DEBUG] env.HOMEBREW_CELLAR: /usr/local/Cellar
[DEBUG] env.HOMEBREW_PREFIX: /usr/local
[DEBUG] env.HOMEBREW_REPOSITORY: /usr/local/Homebrew
[DEBUG] env.INFOPATH: /usr/local/share/info:
[DEBUG] env.JAVA_HOME: /Users/dcaron/.sdkman/candidates/java/25.0.3-librca
[DEBUG] env.LANG: C.UTF-8
[DEBUG] env.LC_CTYPE: UTF-8
[DEBUG] env.LOGNAME: dcaron
[DEBUG] env.LaunchInstanceID: 182BD837-466D-45EC-8ED9-432C17C22DE7
[DEBUG] env.MAVEN_CMD_LINE_ARGS:  -B process-test-classes org.openrewrite.maven:rewrite-maven-plugin:6.44.0:runNoFork -Drewrite.recipeArtifactCoordinates=com.vmware.tanzu.spring.recipes:java-recipes:1.7.5,com.vmware.tanzu.spring.recipes:rewrite-migrate-java:1.7.5,com.vmware.tanzu.spring.recipes:rewrite-spring:1.7.5,com.vmware.tanzu.spring.recipes:spring-boot-2-upgrade-recipes:1.7.5,com.vmware.tanzu.spring.recipes:spring-boot-3-upgrade-recipes:1.7.5,com.vmware.tanzu.spring.recipes:spring-boot-4-upgrade-recipes:1.7.5 -Drewrite.activeRecipes=com.vmware.tanzu.MainAdvisorRecipe -Drewrite.failOnInvalidActiveRecipes=true -Drewrite.configLocation=/Users/dcaron/Documents/src/spring-io-barcelona-2025-spring-kafka-the-advance-features/repros/02-missing-recipe-bundle/.advisor/44f81a47-8e98-42d3-a2ee-0c501914cdd9-rewrite.yml -X -e -Dorg.slf4j.simpleLogger.defaultLogLevel=debug
[DEBUG] env.MAVEN_HOME: /Users/dcaron/.sdkman/candidates/maven/current
[DEBUG] env.MAVEN_PROJECTBASEDIR: /Users/dcaron/Documents/src/spring-io-barcelona-2025-spring-kafka-the-advance-features
[DEBUG] env.NoDefaultCurrentDirectoryInExePath: 1
[DEBUG] env.OLDPWD: /Users/dcaron/Documents/src/spring-io-barcelona-2025-spring-kafka-the-advance-features/repros/02-missing-recipe-bundle
[DEBUG] env.OSLogRateLimit: 64
[DEBUG] env.PATH: /Users/dcaron/.sdkman/candidates/java/25.0.3-librca/bin:/Users/dcaron/.sdkman/candidates/maven/current/bin:/Users/dcaron/.sdkman/candidates/java/current/bin:/usr/local/bin:/usr/local/sbin:/System/Cryptexes/App/usr/bin:/usr/bin:/bin:/usr/sbin:/sbin:/var/run/com.apple.security.cryptexd/codex.system/bootstrap/usr/local/bin:/var/run/com.apple.security.cryptexd/codex.system/bootstrap/usr/bin:/var/run/com.apple.security.cryptexd/codex.system/bootstrap/usr/appleinternal/bin:/pkg/env/global/bin:/Users/dcaron/.claude/plugins/cache/claude-hud/claude-hud/0.5.1/bin
[DEBUG] env.PROCESS_LAUNCHED_BY_CW: 1
[DEBUG] env.PROCESS_LAUNCHED_BY_Q: 1
[DEBUG] env.PWD: /Users/dcaron/Documents/src/spring-io-barcelona-2025-spring-kafka-the-advance-features/repros/02-missing-recipe-bundle
[DEBUG] env.SDKMAN_BROKER_API: https://broker.sdkman.io
[DEBUG] env.SDKMAN_CANDIDATES_API: https://api.sdkman.io/2
[DEBUG] env.SDKMAN_CANDIDATES_DIR: /Users/dcaron/.sdkman/candidates
[DEBUG] env.SDKMAN_DIR: /Users/dcaron/.sdkman
[DEBUG] env.SDKMAN_PLATFORM: darwinx64
[DEBUG] env.SECURITYSESSIONID: 186a3
[DEBUG] env.SHELL: /bin/zsh
[DEBUG] env.SHLVL: 3
[DEBUG] env.SSH_AUTH_SOCK: /var/run/com.apple.launchd.qgAHcblvlm/Listeners
[DEBUG] env.TANZU_ARTIFACTORY_EXPIRATION: Fri Aug 21 2026 16:15:00 GMT+0200
[DEBUG] env.TANZU_ARTIFACTORY_TOKEN: [REDACTED-JFROG-TOKEN]
[DEBUG] env.TANZU_ARTIFACTORY_USER: david.caron@broadcom.com
[DEBUG] env.TERM: xterm-256color
[DEBUG] env.TERMINAL_EMULATOR: JetBrains-JediTerm
[DEBUG] env.TERM_SESSION_ID: d554574a-557d-4ead-930c-3476dce43cc6
[DEBUG] env.TMPDIR: /var/folders/0g/4x11y5t97hbfvmyvsj_ncdrm0000gn/T/
[DEBUG] env.USER: dcaron
[DEBUG] env.XPC_FLAGS: 0x0
[DEBUG] env.XPC_SERVICE_NAME: 0
[DEBUG] env.__CFBundleIdentifier: com.jetbrains.intellij
[DEBUG] env.__CF_USER_TEXT_ENCODING: 0x1F5:0x0:0x0
[DEBUG] file.encoding: UTF-8
[DEBUG] file.separator: /
[DEBUG] flyway.version: 11.7.2
[DEBUG] freemarker.version: 2.3.34
[DEBUG] ftp.nonProxyHosts: local|*.local|169.254/16|*.169.254/16
[DEBUG] git-commit-id-maven-plugin.version: 9.0.2
[DEBUG] glassfish-jaxb.version: 4.0.9
[DEBUG] glassfish-jstl.version: 3.0.1
[DEBUG] graphql-java.version: 24.3
[DEBUG] groovy.version: 4.0.32
[DEBUG] gson.version: 2.13.2
[DEBUG] h2.version: 2.3.232
[DEBUG] hamcrest.version: 3.0
[DEBUG] hazelcast.version: 5.5.0
[DEBUG] hibernate-validator.version: 8.0.3.Final
[DEBUG] hibernate.version: 6.6.53.Final
[DEBUG] hikaricp.version: 6.3.3
[DEBUG] hsqldb.version: 2.7.3
[DEBUG] htmlunit.version: 4.11.1
[DEBUG] http.nonProxyHosts: local|*.local|169.254/16|*.169.254/16
[DEBUG] httpasyncclient.version: 4.1.5
[DEBUG] httpclient5.version: 5.5.2
[DEBUG] httpcore.version: 4.4.16
[DEBUG] httpcore5.version: 5.3.6
[DEBUG] infinispan.version: 15.2.6.Final
[DEBUG] influxdb-java.version: 2.25
[DEBUG] jackson-bom.version: 2.21.4
[DEBUG] jakarta-activation.version: 2.1.4
[DEBUG] jakarta-annotation.version: 2.1.1
[DEBUG] jakarta-inject.version: 2.0.1
[DEBUG] jakarta-jms.version: 3.1.0
[DEBUG] jakarta-json-bind.version: 3.0.2
[DEBUG] jakarta-json.version: 2.1.3
[DEBUG] jakarta-mail.version: 2.1.5
[DEBUG] jakarta-management.version: 1.1.4
[DEBUG] jakarta-persistence.version: 3.1.0
[DEBUG] jakarta-servlet-jsp-jstl.version: 3.0.2
[DEBUG] jakarta-servlet.version: 6.0.0
[DEBUG] jakarta-transaction.version: 2.0.1
[DEBUG] jakarta-validation.version: 3.0.2
[DEBUG] jakarta-websocket.version: 2.1.1
[DEBUG] jakarta-ws-rs.version: 3.1.0
[DEBUG] jakarta-xml-bind.version: 4.0.5
[DEBUG] jakarta-xml-soap.version: 3.0.2
[DEBUG] jakarta-xml-ws.version: 4.0.3
[DEBUG] janino.version: 3.1.12
[DEBUG] java.class.path: /Users/dcaron/.sdkman/candidates/maven/current/boot/plexus-classworlds-2.11.0.jar
[DEBUG] java.class.version: 69.0
[DEBUG] java.home: /Users/dcaron/.sdkman/candidates/java/25.0.3-librca
[DEBUG] java.io.tmpdir: /var/folders/0g/4x11y5t97hbfvmyvsj_ncdrm0000gn/T/
[DEBUG] java.library.path: /Users/dcaron/Library/Java/Extensions:/Library/Java/Extensions:/Network/Library/Java/Extensions:/System/Library/Java/Extensions:/usr/lib/java:.
[DEBUG] java.runtime.name: OpenJDK Runtime Environment
[DEBUG] java.runtime.version: 25.0.3+11-LTS
[DEBUG] java.specification.name: Java Platform API Specification
[DEBUG] java.specification.vendor: Oracle Corporation
[DEBUG] java.specification.version: 25
[DEBUG] java.vendor: BellSoft
[DEBUG] java.vendor.url: https://bell-sw.com/
[DEBUG] java.vendor.url.bug: https://bell-sw.com/support
[DEBUG] java.version: 25.0.3
[DEBUG] java.version.date: 2026-04-21
[DEBUG] java.vm.compressedOopsMode: Zero based
[DEBUG] java.vm.info: mixed mode, sharing
[DEBUG] java.vm.name: OpenJDK 64-Bit Server VM
[DEBUG] java.vm.specification.name: Java Virtual Machine Specification
[DEBUG] java.vm.specification.vendor: Oracle Corporation
[DEBUG] java.vm.specification.version: 25
[DEBUG] java.vm.vendor: BellSoft
[DEBUG] java.vm.version: 25.0.3+11-LTS
[DEBUG] javax-cache.version: 1.1.1
[DEBUG] javax-money.version: 1.1
[DEBUG] jaxen.version: 2.0.6
[DEBUG] jaybird.version: 6.0.5
[DEBUG] jboss-logging.version: 3.6.3.Final
[DEBUG] jdk.debug: release
[DEBUG] jdom2.version: 2.0.6.1
[DEBUG] jedis.version: 6.0.0
[DEBUG] jersey.version: 3.1.11
[DEBUG] jetty-reactive-httpclient.version: 4.0.14
[DEBUG] jetty.version: 12.0.36
[DEBUG] jmustache.version: 1.16
[DEBUG] jooq.version: 3.19.35
[DEBUG] json-path.version: 2.9.0
[DEBUG] json-smart.version: 2.5.2
[DEBUG] jsonassert.version: 1.5.3
[DEBUG] jtds.version: 1.3.1
[DEBUG] junit-jupiter.version: 5.12.2
[DEBUG] junit.version: 4.13.2
[DEBUG] kafka.version: 3.9.2
[DEBUG] kotlin-coroutines.version: 1.8.1
[DEBUG] kotlin-serialization.version: 1.6.3
[DEBUG] kotlin.version: 1.9.25
[DEBUG] lettuce.version: 6.6.0.RELEASE
[DEBUG] library.jansi.path: /Users/dcaron/.sdkman/candidates/maven/current/lib/jansi-native
[DEBUG] line.separator: 

[DEBUG] liquibase.version: 4.31.1
[DEBUG] log4j2.version: 2.24.3
[DEBUG] logback.version: 1.5.34
[DEBUG] lombok.version: 1.18.46
[DEBUG] mariadb.version: 3.5.8
[DEBUG] maven-antrun-plugin.version: 3.1.0
[DEBUG] maven-assembly-plugin.version: 3.7.1
[DEBUG] maven-clean-plugin.version: 3.4.1
[DEBUG] maven-compiler-plugin.version: 3.14.1
[DEBUG] maven-dependency-plugin.version: 3.8.1
[DEBUG] maven-deploy-plugin.version: 3.1.4
[DEBUG] maven-enforcer-plugin.version: 3.5.0
[DEBUG] maven-failsafe-plugin.version: 3.5.6
[DEBUG] maven-help-plugin.version: 3.5.1
[DEBUG] maven-install-plugin.version: 3.1.4
[DEBUG] maven-invoker-plugin.version: 3.9.1
[DEBUG] maven-jar-plugin.version: 3.4.2
[DEBUG] maven-javadoc-plugin.version: 3.11.3
[DEBUG] maven-resources-plugin.version: 3.3.1
[DEBUG] maven-shade-plugin.version: 3.6.2
[DEBUG] maven-source-plugin.version: 3.3.1
[DEBUG] maven-surefire-plugin.version: 3.5.6
[DEBUG] maven-war-plugin.version: 3.4.0
[DEBUG] maven.build.timestamp: 2026-08-20T12:46:52Z
[DEBUG] maven.build.version: Apache Maven 3.9.16 (2bdd9fddda4b155ebf8000e807eb73fd829a51d5)
[DEBUG] maven.compiler.release: 21
[DEBUG] maven.conf: /Users/dcaron/.sdkman/candidates/maven/current/conf
[DEBUG] maven.home: /Users/dcaron/.sdkman/candidates/maven/current
[DEBUG] maven.multiModuleProjectDirectory: /Users/dcaron/Documents/src/spring-io-barcelona-2025-spring-kafka-the-advance-features
[DEBUG] maven.version: 3.9.16
[DEBUG] micrometer-tracing.version: 1.5.12
[DEBUG] micrometer.version: 1.15.12
[DEBUG] mockito.version: 5.17.0
[DEBUG] mongodb.version: 5.5.2
[DEBUG] mssql-jdbc.version: 12.10.2.jre11
[DEBUG] mysql.version: 9.7.0
[DEBUG] native-build-tools-plugin.version: 0.10.6
[DEBUG] native.encoding: UTF-8
[DEBUG] nekohtml.version: 1.9.22
[DEBUG] neo4j-java-driver.version: 5.28.13
[DEBUG] netty.version: 4.1.135.Final
[DEBUG] opentelemetry.version: 1.49.0
[DEBUG] oracle-database.version: 23.7.0.25.01
[DEBUG] oracle-r2dbc.version: 1.3.0
[DEBUG] org.slf4j.simpleLogger.defaultLogLevel: debug
[DEBUG] os.arch: x86_64
[DEBUG] os.name: Mac OS X
[DEBUG] os.version: 26.6.2
[DEBUG] path.separator: :
[DEBUG] pooled-jms.version: 3.1.9
[DEBUG] postgresql.version: 42.7.11
[DEBUG] project.baseUri: file:/Users/dcaron/Documents/src/spring-io-barcelona-2025-spring-kafka-the-advance-features/repros/02-missing-recipe-bundle/app/
[DEBUG] project.build.sourceEncoding: UTF-8
[DEBUG] project.reporting.outputEncoding: UTF-8
[DEBUG] prometheus-client.version: 1.3.10
[DEBUG] prometheus-simpleclient.version: 0.16.0
[DEBUG] pulsar-reactive.version: 0.6.0
[DEBUG] pulsar.version: 4.0.11
[DEBUG] quartz.version: 2.5.2
[DEBUG] querydsl.version: 5.1.0
[DEBUG] r2dbc-h2.version: 1.0.1.RELEASE
[DEBUG] r2dbc-mariadb.version: 1.3.0
[DEBUG] r2dbc-mssql.version: 1.0.4.RELEASE
[DEBUG] r2dbc-mysql.version: 1.4.2
[DEBUG] r2dbc-pool.version: 1.0.2.RELEASE
[DEBUG] r2dbc-postgresql.version: 1.0.9.RELEASE
[DEBUG] r2dbc-proxy.version: 1.1.6.RELEASE
[DEBUG] r2dbc-spi.version: 1.0.0.RELEASE
[DEBUG] rabbit-amqp-client.version: 5.25.0
[DEBUG] rabbit-stream-client.version: 0.23.0
[DEBUG] reactive-streams.version: 1.0.4
[DEBUG] reactor-bom.version: 2024.0.18
[DEBUG] resource.delimiter: @
[DEBUG] rest-assured.version: 5.5.7
[DEBUG] rewrite.activeRecipes: com.vmware.tanzu.MainAdvisorRecipe
[DEBUG] rewrite.configLocation: /Users/dcaron/Documents/src/spring-io-barcelona-2025-spring-kafka-the-advance-features/repros/02-missing-recipe-bundle/.advisor/44f81a47-8e98-42d3-a2ee-0c501914cdd9-rewrite.yml
[DEBUG] rewrite.failOnInvalidActiveRecipes: true
[DEBUG] rewrite.recipeArtifactCoordinates: com.vmware.tanzu.spring.recipes:java-recipes:1.7.5,com.vmware.tanzu.spring.recipes:rewrite-migrate-java:1.7.5,com.vmware.tanzu.spring.recipes:rewrite-spring:1.7.5,com.vmware.tanzu.spring.recipes:spring-boot-2-upgrade-recipes:1.7.5,com.vmware.tanzu.spring.recipes:spring-boot-3-upgrade-recipes:1.7.5,com.vmware.tanzu.spring.recipes:spring-boot-4-upgrade-recipes:1.7.5
[DEBUG] rsocket.version: 1.1.5
[DEBUG] rxjava3.version: 3.1.12
[DEBUG] saaj-impl.version: 3.0.6
[DEBUG] selenium-htmlunit.version: 4.30.0
[DEBUG] selenium.version: 4.31.0
[DEBUG] sendgrid.version: 4.10.3
[DEBUG] slf4j.version: 2.0.18
[DEBUG] snakeyaml.version: 2.4
[DEBUG] socksNonProxyHosts: local|*.local|169.254/16|*.169.254/16
[DEBUG] spring-amqp.version: 3.2.12
[DEBUG] spring-authorization-server.version: 1.5.8
[DEBUG] spring-batch.version: 5.2.6
[DEBUG] spring-boot.run.main-class: ${start-class}
[DEBUG] spring-data-bom.version: 2025.0.13
[DEBUG] spring-framework.version: 6.2.19
[DEBUG] spring-graphql.version: 1.4.6
[DEBUG] spring-hateoas.version: 2.5.3
[DEBUG] spring-integration.version: 6.5.10
[DEBUG] spring-kafka.version: 3.3.16
[DEBUG] spring-ldap.version: 3.3.8
[DEBUG] spring-pulsar.version: 1.2.18
[DEBUG] spring-restdocs.version: 3.0.6
[DEBUG] spring-retry.version: 2.0.13
[DEBUG] spring-security.version: 6.5.11
[DEBUG] spring-session.version: 3.5.7
[DEBUG] spring-ws.version: 4.1.4
[DEBUG] sqlite-jdbc.version: 3.49.1.0
[DEBUG] stderr.encoding: UTF-8
[DEBUG] stdin.encoding: UTF-8
[DEBUG] stdout.encoding: UTF-8
[DEBUG] sun.arch.data.model: 64
[DEBUG] sun.boot.library.path: /Users/dcaron/.sdkman/candidates/java/25.0.3-librca/lib
[DEBUG] sun.cpu.endian: little
[DEBUG] sun.io.unicode.encoding: UnicodeBig
[DEBUG] sun.java.command: org.codehaus.plexus.classworlds.launcher.Launcher -B process-test-classes org.openrewrite.maven:rewrite-maven-plugin:6.44.0:runNoFork -Drewrite.recipeArtifactCoordinates=com.vmware.tanzu.spring.recipes:java-recipes:1.7.5,com.vmware.tanzu.spring.recipes:rewrite-migrate-java:1.7.5,com.vmware.tanzu.spring.recipes:rewrite-spring:1.7.5,com.vmware.tanzu.spring.recipes:spring-boot-2-upgrade-recipes:1.7.5,com.vmware.tanzu.spring.recipes:spring-boot-3-upgrade-recipes:1.7.5,com.vmware.tanzu.spring.recipes:spring-boot-4-upgrade-recipes:1.7.5 -Drewrite.activeRecipes=com.vmware.tanzu.MainAdvisorRecipe -Drewrite.failOnInvalidActiveRecipes=true -Drewrite.configLocation=/Users/dcaron/Documents/src/spring-io-barcelona-2025-spring-kafka-the-advance-features/repros/02-missing-recipe-bundle/.advisor/44f81a47-8e98-42d3-a2ee-0c501914cdd9-rewrite.yml -X -e -Dorg.slf4j.simpleLogger.defaultLogLevel=debug
[DEBUG] sun.java.launcher: SUN_STANDARD
[DEBUG] sun.jnu.encoding: UTF-8
[DEBUG] sun.management.compiler: HotSpot 64-Bit Tiered Compilers
[DEBUG] testcontainers-redis-module.version: 2.2.4
[DEBUG] testcontainers.version: 1.21.4
[DEBUG] thymeleaf-extras-data-attribute.version: 2.0.1
[DEBUG] thymeleaf-extras-springsecurity.version: 3.1.5.RELEASE
[DEBUG] thymeleaf-layout-dialect.version: 3.4.0
[DEBUG] thymeleaf.version: 3.1.5.RELEASE
[DEBUG] tomcat.version: 10.1.55
[DEBUG] unboundid-ldapsdk.version: 7.0.4
[DEBUG] undertow.version: 2.3.24.Final
[DEBUG] user.country: NL
[DEBUG] user.dir: /Users/dcaron/Documents/src/spring-io-barcelona-2025-spring-kafka-the-advance-features/repros/02-missing-recipe-bundle
[DEBUG] user.home: /Users/dcaron
[DEBUG] user.language: en
[DEBUG] user.name: dcaron
[DEBUG] versions-maven-plugin.version: 2.18.0
[DEBUG] vibur.version: 26.0
[DEBUG] webjars-locator-core.version: 0.59
[DEBUG] webjars-locator-lite.version: 1.1.3
[DEBUG] wsdl4j.version: 1.6.3
[DEBUG] xml-maven-plugin.version: 1.1.0
[DEBUG] xmlunit2.version: 2.10.4
[DEBUG] yasson.version: 3.0.4
[DEBUG] zipkin-reporter.version: 3.5.3
[DEBUG] Using 'UTF-8' encoding to copy filtered resources.
[DEBUG] Using 'UTF-8' encoding to copy filtered properties files.
[DEBUG] resource with targetPath null
directory /Users/dcaron/Documents/src/spring-io-barcelona-2025-spring-kafka-the-advance-features/repros/02-missing-recipe-bundle/app/src/test/resources
excludes []
includes []
[INFO] skip non existing resourceDirectory /Users/dcaron/Documents/src/spring-io-barcelona-2025-spring-kafka-the-advance-features/repros/02-missing-recipe-bundle/app/src/test/resources
[DEBUG] no user filter components
[INFO] 
[INFO] --- compiler:3.14.1:testCompile (default-testCompile) @ missing-recipe-repro-app ---
[DEBUG] Loading mojo org.apache.maven.plugins:maven-compiler-plugin:3.14.1:testCompile from plugin realm ClassRealm[plugin>org.apache.maven.plugins:maven-compiler-plugin:3.14.1, parent: jdk.internal.loader.ClassLoaders$AppClassLoader@5bc2b487]
[DEBUG] Configuring mojo execution 'org.apache.maven.plugins:maven-compiler-plugin:3.14.1:testCompile:default-testCompile' with basic configurator -->
[DEBUG]   (f) annotationProcessorPathsUseDepMgmt = false
[DEBUG]   (f) basedir = /Users/dcaron/Documents/src/spring-io-barcelona-2025-spring-kafka-the-advance-features/repros/02-missing-recipe-bundle/app
[DEBUG]   (f) buildDirectory = /Users/dcaron/Documents/src/spring-io-barcelona-2025-spring-kafka-the-advance-features/repros/02-missing-recipe-bundle/app/target
[DEBUG]   (f) compileSourceRoots = [/Users/dcaron/Documents/src/spring-io-barcelona-2025-spring-kafka-the-advance-features/repros/02-missing-recipe-bundle/app/src/test/java]
[DEBUG]   (f) compilerId = javac
[DEBUG]   (f) createMissingPackageInfoClass = true
[DEBUG]   (f) debug = true
[DEBUG]   (f) debugFileName = javac-test
[DEBUG]   (f) enablePreview = false
[DEBUG]   (f) encoding = UTF-8
[DEBUG]   (f) failOnError = true
[DEBUG]   (f) failOnWarning = false
[DEBUG]   (f) fileExtensions = [jar, class]
[DEBUG]   (f) forceJavacCompilerUse = false
[DEBUG]   (f) forceLegacyJavacApi = false
[DEBUG]   (f) fork = false
[DEBUG]   (f) generatedTestSourcesDirectory = /Users/dcaron/Documents/src/spring-io-barcelona-2025-spring-kafka-the-advance-features/repros/02-missing-recipe-bundle/app/target/generated-test-sources/test-annotations
[DEBUG]   (f) mojoExecution = org.apache.maven.plugins:maven-compiler-plugin:3.14.1:testCompile {execution: default-testCompile}
[DEBUG]   (f) optimize = false
[DEBUG]   (f) outputDirectory = /Users/dcaron/Documents/src/spring-io-barcelona-2025-spring-kafka-the-advance-features/repros/02-missing-recipe-bundle/app/target/test-classes
[DEBUG]   (f) parameters = true
[DEBUG]   (f) project = MavenProject: com.example:missing-recipe-repro-app:0.0.1-SNAPSHOT @ /Users/dcaron/Documents/src/spring-io-barcelona-2025-spring-kafka-the-advance-features/repros/02-missing-recipe-bundle/app/pom.xml
[DEBUG]   (s) release = 21
[DEBUG]   (f) session = org.apache.maven.execution.MavenSession@60b34931
[DEBUG]   (f) showCompilationChanges = false
[DEBUG]   (f) showDeprecation = false
[DEBUG]   (f) showWarnings = true
[DEBUG]   (f) skipMultiThreadWarning = false
[DEBUG]   (f) source = 1.8
[DEBUG]   (f) staleMillis = 0
[DEBUG]   (s) target = 1.8
[DEBUG]   (f) testPath = [/Users/dcaron/Documents/src/spring-io-barcelona-2025-spring-kafka-the-advance-features/repros/02-missing-recipe-bundle/app/target/test-classes, /Users/dcaron/Documents/src/spring-io-barcelona-2025-spring-kafka-the-advance-features/repros/02-missing-recipe-bundle/app/target/classes, /Users/dcaron/.m2/repository/org/springframework/boot/spring-boot-starter/3.5.16/spring-boot-starter-3.5.16.jar, /Users/dcaron/.m2/repository/org/springframework/boot/spring-boot/3.5.16/spring-boot-3.5.16.jar, /Users/dcaron/.m2/repository/org/springframework/spring-context/6.2.19/spring-context-6.2.19.jar, /Users/dcaron/.m2/repository/org/springframework/spring-aop/6.2.19/spring-aop-6.2.19.jar, /Users/dcaron/.m2/repository/org/springframework/spring-beans/6.2.19/spring-beans-6.2.19.jar, /Users/dcaron/.m2/repository/org/springframework/spring-expression/6.2.19/spring-expression-6.2.19.jar, /Users/dcaron/.m2/repository/io/micrometer/micrometer-observation/1.15.12/micrometer-observation-1.15.12.jar, /Users/dcaron/.m2/repository/io/micrometer/micrometer-commons/1.15.12/micrometer-commons-1.15.12.jar, /Users/dcaron/.m2/repository/org/springframework/boot/spring-boot-autoconfigure/3.5.16/spring-boot-autoconfigure-3.5.16.jar, /Users/dcaron/.m2/repository/org/springframework/boot/spring-boot-starter-logging/3.5.16/spring-boot-starter-logging-3.5.16.jar, /Users/dcaron/.m2/repository/ch/qos/logback/logback-classic/1.5.34/logback-classic-1.5.34.jar, /Users/dcaron/.m2/repository/ch/qos/logback/logback-core/1.5.34/logback-core-1.5.34.jar, /Users/dcaron/.m2/repository/org/apache/logging/log4j/log4j-to-slf4j/2.24.3/log4j-to-slf4j-2.24.3.jar, /Users/dcaron/.m2/repository/org/apache/logging/log4j/log4j-api/2.24.3/log4j-api-2.24.3.jar, /Users/dcaron/.m2/repository/org/slf4j/jul-to-slf4j/2.0.18/jul-to-slf4j-2.0.18.jar, /Users/dcaron/.m2/repository/jakarta/annotation/jakarta.annotation-api/2.1.1/jakarta.annotation-api-2.1.1.jar, /Users/dcaron/.m2/repository/org/springframework/spring-core/6.2.19/spring-core-6.2.19.jar, /Users/dcaron/.m2/repository/org/springframework/spring-jcl/6.2.19/spring-jcl-6.2.19.jar, /Users/dcaron/.m2/repository/org/yaml/snakeyaml/2.4/snakeyaml-2.4.jar, /Users/dcaron/.m2/repository/org/springframework/boot/spring-boot-starter-test/3.5.16/spring-boot-starter-test-3.5.16.jar, /Users/dcaron/.m2/repository/org/springframework/boot/spring-boot-test/3.5.16/spring-boot-test-3.5.16.jar, /Users/dcaron/.m2/repository/org/springframework/boot/spring-boot-test-autoconfigure/3.5.16/spring-boot-test-autoconfigure-3.5.16.jar, /Users/dcaron/.m2/repository/com/jayway/jsonpath/json-path/2.9.0/json-path-2.9.0.jar, /Users/dcaron/.m2/repository/org/slf4j/slf4j-api/2.0.18/slf4j-api-2.0.18.jar, /Users/dcaron/.m2/repository/jakarta/xml/bind/jakarta.xml.bind-api/4.0.5/jakarta.xml.bind-api-4.0.5.jar, /Users/dcaron/.m2/repository/jakarta/activation/jakarta.activation-api/2.1.4/jakarta.activation-api-2.1.4.jar, /Users/dcaron/.m2/repository/net/minidev/json-smart/2.5.2/json-smart-2.5.2.jar, /Users/dcaron/.m2/repository/net/minidev/accessors-smart/2.5.2/accessors-smart-2.5.2.jar, /Users/dcaron/.m2/repository/org/ow2/asm/asm/9.7.1/asm-9.7.1.jar, /Users/dcaron/.m2/repository/org/assertj/assertj-core/3.27.7/assertj-core-3.27.7.jar, /Users/dcaron/.m2/repository/net/bytebuddy/byte-buddy/1.17.8/byte-buddy-1.17.8.jar, /Users/dcaron/.m2/repository/org/awaitility/awaitility/4.2.2/awaitility-4.2.2.jar, /Users/dcaron/.m2/repository/org/hamcrest/hamcrest/3.0/hamcrest-3.0.jar, /Users/dcaron/.m2/repository/org/junit/jupiter/junit-jupiter/5.12.2/junit-jupiter-5.12.2.jar, /Users/dcaron/.m2/repository/org/junit/jupiter/junit-jupiter-api/5.12.2/junit-jupiter-api-5.12.2.jar, /Users/dcaron/.m2/repository/org/opentest4j/opentest4j/1.3.0/opentest4j-1.3.0.jar, /Users/dcaron/.m2/repository/org/junit/platform/junit-platform-commons/1.12.2/junit-platform-commons-1.12.2.jar, /Users/dcaron/.m2/repository/org/apiguardian/apiguardian-api/1.1.2/apiguardian-api-1.1.2.jar, /Users/dcaron/.m2/repository/org/junit/jupiter/junit-jupiter-params/5.12.2/junit-jupiter-params-5.12.2.jar, /Users/dcaron/.m2/repository/org/junit/jupiter/junit-jupiter-engine/5.12.2/junit-jupiter-engine-5.12.2.jar, /Users/dcaron/.m2/repository/org/junit/platform/junit-platform-engine/1.12.2/junit-platform-engine-1.12.2.jar, /Users/dcaron/.m2/repository/org/mockito/mockito-core/5.17.0/mockito-core-5.17.0.jar, /Users/dcaron/.m2/repository/net/bytebuddy/byte-buddy-agent/1.17.8/byte-buddy-agent-1.17.8.jar, /Users/dcaron/.m2/repository/org/objenesis/objenesis/3.3/objenesis-3.3.jar, /Users/dcaron/.m2/repository/org/mockito/mockito-junit-jupiter/5.17.0/mockito-junit-jupiter-5.17.0.jar, /Users/dcaron/.m2/repository/org/skyscreamer/jsonassert/1.5.3/jsonassert-1.5.3.jar, /Users/dcaron/.m2/repository/com/vaadin/external/google/android-json/0.0.20131108.vaadin1/android-json-0.0.20131108.vaadin1.jar, /Users/dcaron/.m2/repository/org/springframework/spring-test/6.2.19/spring-test-6.2.19.jar, /Users/dcaron/.m2/repository/org/xmlunit/xmlunit-core/2.10.4/xmlunit-core-2.10.4.jar]
[DEBUG]   (f) useIncrementalCompilation = true
[DEBUG]   (f) useModulePath = true
[DEBUG]   (f) verbose = false
[DEBUG] -- end configuration --
[DEBUG] Using compiler 'javac'.
[DEBUG] CompilerReuseStrategy: reuseCreated
[DEBUG] useIncrementalCompilation enabled
[INFO] Nothing to compile - all classes are up to date.
[DEBUG] Adding /Users/dcaron/Documents/src/spring-io-barcelona-2025-spring-kafka-the-advance-features/repros/02-missing-recipe-bundle/app/target/generated-test-sources/test-annotations to the project test-compile source roots but NOT the actual test-compile source roots:
  /Users/dcaron/Documents/src/spring-io-barcelona-2025-spring-kafka-the-advance-features/repros/02-missing-recipe-bundle/app/src/test/java
[INFO] 
[INFO] <<< rewrite:6.8.0:run (run-openrewrite) < process-test-classes @ missing-recipe-repro-app <<<
[INFO] 
[INFO] 
[INFO] --- rewrite:6.8.0:run (run-openrewrite) @ missing-recipe-repro-app ---
[DEBUG] Dependency collection stats {ConflictMarker.analyzeTime=302221, ConflictMarker.markTime=140004, ConflictMarker.nodeCount=427, ConflictIdSorter.graphTime=204763, ConflictIdSorter.topsortTime=83575, ConflictIdSorter.conflictIdCount=107, ConflictIdSorter.conflictIdCycleCount=0, ConflictResolver.totalTime=2477918, ConflictResolver.conflictItemCount=326, DfDependencyCollector.collectTime=226081688, DfDependencyCollector.transformTime=3243633}
[DEBUG] org.openrewrite.maven:rewrite-maven-plugin:jar:6.8.0
[DEBUG]    org.openrewrite.recipe:rewrite-spring:jar:6.7.0:runtime
[DEBUG]       org.jetbrains:annotations:jar:26.0.2:compile
[DEBUG]       org.openrewrite:rewrite-gradle:jar:8.52.0:runtime (version managed from default)
[DEBUG]       org.openrewrite.recipe:rewrite-java-dependencies:jar:1.34.0:runtime
[DEBUG]          com.fasterxml.jackson.dataformat:jackson-dataformat-csv:jar:2.17.3:runtime (version managed from default)
[DEBUG]          com.fasterxml.jackson.datatype:jackson-datatype-jsr310:jar:2.17.3:compile (version managed from default)
[DEBUG]       org.openrewrite.gradle.tooling:model:jar:2.16.0:runtime
[DEBUG]       org.openrewrite.recipe:rewrite-apache:jar:2.9.0:runtime
[DEBUG]          org.openrewrite.recipe:rewrite-logging-frameworks:jar:3.8.0:runtime
[DEBUG]             org.kohsuke:wordnet-random-name:jar:1.6:runtime
[DEBUG]             org.apache.logging.log4j:log4j-core:jar:2.24.3:runtime
[DEBUG]                org.apache.logging.log4j:log4j-api:jar:2.24.3:runtime
[DEBUG]             org.slf4j:slf4j-api:jar:2.1.0-alpha1:runtime
[DEBUG]          commons-io:commons-io:jar:2.19.0:runtime
[DEBUG]          org.apache.maven.shared:maven-shared-utils:jar:3.4.2:runtime
[DEBUG]          org.codehaus.plexus:plexus-utils:jar:3.6.0:runtime
[DEBUG]          org.jspecify:jspecify:jar:1.0.0:compile
[DEBUG]       org.openrewrite.recipe:rewrite-hibernate:jar:2.7.0:runtime
[DEBUG]       org.openrewrite.recipe:rewrite-micrometer:jar:0.20.0:runtime
[DEBUG]          io.dropwizard.metrics:metrics-core:jar:4.2.23:runtime
[DEBUG]       org.openrewrite.recipe:rewrite-openapi:jar:0.19.0:runtime
[DEBUG]          io.swagger.core.v3:swagger-annotations:jar:2.2.20:runtime
[DEBUG]       org.openrewrite.recipe:rewrite-testing-frameworks:jar:3.8.0:runtime
[DEBUG]    org.openrewrite.recipe:rewrite-static-analysis:jar:2.9.0:runtime
[DEBUG]       org.openrewrite.meta:rewrite-analysis:jar:2.21.0:runtime
[DEBUG]          org.functionaljava:functionaljava:jar:5.0:runtime
[DEBUG]       org.apache.commons:commons-text:jar:1.13.1:runtime
[DEBUG]       org.openrewrite:rewrite-templating:jar:1.27.0:runtime
[DEBUG]    org.openrewrite.recipe:rewrite-migrate-java:jar:3.9.0:runtime
[DEBUG]       org.openrewrite.recipe:rewrite-github-actions:jar:3.6.0:runtime
[DEBUG]          com.fasterxml.jackson.core:jackson-core:jar:2.17.3:compile (version managed from default)
[DEBUG]       org.openrewrite.recipe:rewrite-jenkins:jar:0.25.0:runtime
[DEBUG]       tech.picnic.error-prone-support:error-prone-contrib:jar:recipes:0.23.0:runtime
[DEBUG]          tech.picnic.error-prone-support:error-prone-utils:jar:0.23.0:runtime
[DEBUG]          tech.picnic.error-prone-support:refaster-support:jar:0.23.0:runtime
[DEBUG]             com.google.guava:guava:jar:33.4.8-jre:runtime
[DEBUG]                com.google.guava:failureaccess:jar:1.0.3:runtime
[DEBUG]                com.google.guava:listenablefuture:jar:9999.0-empty-to-avoid-conflict-with-guava:runtime
[DEBUG]                com.google.j2objc:j2objc-annotations:jar:3.0.0:runtime
[DEBUG]    org.openrewrite:rewrite-java:jar:8.52.0:compile
[DEBUG]       org.openrewrite:rewrite-core:jar:8.52.0:compile (version managed from default)
[DEBUG]          org.openrewrite.tools:jgit:jar:1.2.0:compile
[DEBUG]             com.googlecode.javaewah:JavaEWAH:jar:1.1.13:runtime
[DEBUG]          com.fasterxml.jackson.core:jackson-databind:jar:2.17.3:compile (version managed from default)
[DEBUG]          com.fasterxml.jackson.module:jackson-module-parameter-names:jar:2.17.3:compile (version managed from default)
[DEBUG]          org.openrewrite.tools:java-object-diff:jar:1.0.1:runtime
[DEBUG]          io.quarkus.gizmo:gizmo:jar:1.0.11.Final:runtime
[DEBUG]             org.jboss:jandex:jar:2.4.2.Final:runtime
[DEBUG]          net.java.dev.jna:jna-platform:jar:5.17.0:runtime
[DEBUG]             net.java.dev.jna:jna:jar:5.17.0:runtime
[DEBUG]          io.moderne:jsonrpc:jar:1.0.0:runtime
[DEBUG]          org.objenesis:objenesis:jar:3.4:runtime
[DEBUG]       com.fasterxml.jackson.core:jackson-annotations:jar:2.17.3:compile (version managed from default)
[DEBUG]       org.antlr:antlr4-runtime:jar:4.13.2:runtime
[DEBUG]       org.apache.commons:commons-lang3:jar:3.17.0:runtime
[DEBUG]       io.github.classgraph:classgraph:jar:4.8.179:runtime
[DEBUG]       org.ow2.asm:asm:jar:9.8:runtime
[DEBUG]       org.ow2.asm:asm-util:jar:9.8:runtime
[DEBUG]          org.ow2.asm:asm-tree:jar:9.8:runtime
[DEBUG]          org.ow2.asm:asm-analysis:jar:9.8:runtime
[DEBUG]    org.openrewrite:rewrite-java-8:jar:8.52.0:compile
[DEBUG]       org.openrewrite:rewrite-java-lombok:jar:8.52.0:runtime (version managed from default)
[DEBUG]          org.projectlombok:lombok:jar:1.18.38:runtime
[DEBUG]    org.openrewrite:rewrite-java-11:jar:8.52.0:compile
[DEBUG]    org.openrewrite:rewrite-java-17:jar:8.52.0:compile
[DEBUG]    org.openrewrite:rewrite-java-21:jar:8.52.0:compile
[DEBUG]    org.openrewrite:rewrite-xml:jar:8.52.0:compile
[DEBUG]    org.openrewrite:rewrite-maven:jar:8.52.0:compile
[DEBUG]       com.github.ben-manes.caffeine:caffeine:jar:2.9.3:runtime
[DEBUG]          org.checkerframework:checker-qual:jar:3.19.0:runtime
[DEBUG]          com.google.errorprone:error_prone_annotations:jar:2.10.0:runtime
[DEBUG]       dev.failsafe:failsafe:jar:3.3.2:runtime
[DEBUG]       com.fasterxml.jackson.dataformat:jackson-dataformat-xml:jar:2.17.3:runtime (version managed from default)
[DEBUG]          org.codehaus.woodstox:stax2-api:jar:4.2.2:compile
[DEBUG]          com.fasterxml.woodstox:woodstox-core:jar:6.7.0:compile
[DEBUG]       com.fasterxml.jackson.dataformat:jackson-dataformat-smile:jar:2.17.3:compile (version managed from default)
[DEBUG]       com.fasterxml.jackson.module:jackson-module-jaxb-annotations:jar:2.17.3:runtime (version managed from default)
[DEBUG]          jakarta.xml.bind:jakarta.xml.bind-api:jar:2.3.3:runtime
[DEBUG]          jakarta.activation:jakarta.activation-api:jar:1.2.2:runtime
[DEBUG]       com.fasterxml.jackson.datatype:jackson-datatype-jdk8:jar:2.17.3:runtime (version managed from default)
[DEBUG]    org.openrewrite:rewrite-hcl:jar:8.52.0:compile
[DEBUG]    org.openrewrite:rewrite-json:jar:8.52.0:compile
[DEBUG]    org.openrewrite:rewrite-properties:jar:8.52.0:compile
[DEBUG]    org.openrewrite:rewrite-protobuf:jar:8.52.0:compile
[DEBUG]    org.openrewrite:rewrite-toml:jar:8.52.0:compile
[DEBUG]    org.openrewrite:rewrite-yaml:jar:8.52.0:compile
[DEBUG]       org.yaml:snakeyaml:jar:2.4:runtime
[DEBUG]    org.openrewrite:rewrite-groovy:jar:8.52.0:compile
[DEBUG]       org.codehaus.groovy:groovy:jar:3.0.24:runtime
[DEBUG]    org.openrewrite:rewrite-kotlin:jar:8.52.0:compile
[DEBUG]       org.jetbrains.kotlin:kotlin-compiler-embeddable:jar:1.9.25:runtime
[DEBUG]          org.jetbrains.kotlin:kotlin-script-runtime:jar:1.9.25:runtime
[DEBUG]          org.jetbrains.kotlin:kotlin-reflect:jar:1.6.10:runtime
[DEBUG]          org.jetbrains.kotlin:kotlin-daemon-embeddable:jar:1.9.25:runtime
[DEBUG]          org.jetbrains.intellij.deps:trove4j:jar:1.0.20200330:runtime
[DEBUG]       org.jetbrains.kotlin:kotlin-stdlib:jar:1.9.25:runtime
[DEBUG]    org.codehaus.plexus:plexus-xml:jar:4.1.0:compile
[DEBUG]       org.apache.maven:maven-xml:jar:4.0.0-rc-3:compile
[DEBUG]          org.apache.maven:maven-api-xml:jar:4.0.0-rc-3:provided (scope managed from default) (version managed from default)
[DEBUG]             org.apache.maven:maven-api-annotations:jar:4.0.0-rc-3:provided
[DEBUG]    io.micrometer:micrometer-core:jar:1.14.6:compile
[DEBUG]       io.micrometer:micrometer-commons:jar:1.14.6:compile
[DEBUG]       io.micrometer:micrometer-observation:jar:1.14.6:compile
[DEBUG]       org.hdrhistogram:HdrHistogram:jar:2.2.2:runtime
[DEBUG]       org.latencyutils:LatencyUtils:jar:2.0.3:runtime
[DEBUG]    org.rocksdb:rocksdbjni:jar:8.8.1:compile
[DEBUG] Created new class realm plugin>org.openrewrite.maven:rewrite-maven-plugin:6.8.0
[DEBUG] Importing foreign packages into class realm plugin>org.openrewrite.maven:rewrite-maven-plugin:6.8.0
[DEBUG]   Imported:  < maven.api
[DEBUG] Populating class realm plugin>org.openrewrite.maven:rewrite-maven-plugin:6.8.0
[DEBUG]   Included: org.openrewrite.maven:rewrite-maven-plugin:jar:6.8.0
[DEBUG]   Included: org.openrewrite.recipe:rewrite-spring:jar:6.7.0
[DEBUG]   Included: org.jetbrains:annotations:jar:26.0.2
[DEBUG]   Included: org.openrewrite:rewrite-gradle:jar:8.52.0
[DEBUG]   Included: org.openrewrite.recipe:rewrite-java-dependencies:jar:1.34.0
[DEBUG]   Included: com.fasterxml.jackson.dataformat:jackson-dataformat-csv:jar:2.17.3
[DEBUG]   Included: com.fasterxml.jackson.datatype:jackson-datatype-jsr310:jar:2.17.3
[DEBUG]   Included: org.openrewrite.gradle.tooling:model:jar:2.16.0
[DEBUG]   Included: org.openrewrite.recipe:rewrite-apache:jar:2.9.0
[DEBUG]   Included: org.openrewrite.recipe:rewrite-logging-frameworks:jar:3.8.0
[DEBUG]   Included: org.kohsuke:wordnet-random-name:jar:1.6
[DEBUG]   Included: org.apache.logging.log4j:log4j-core:jar:2.24.3
[DEBUG]   Included: org.apache.logging.log4j:log4j-api:jar:2.24.3
[DEBUG]   Included: commons-io:commons-io:jar:2.19.0
[DEBUG]   Included: org.apache.maven.shared:maven-shared-utils:jar:3.4.2
[DEBUG]   Included: org.codehaus.plexus:plexus-utils:jar:3.6.0
[DEBUG]   Included: org.jspecify:jspecify:jar:1.0.0
[DEBUG]   Included: org.openrewrite.recipe:rewrite-hibernate:jar:2.7.0
[DEBUG]   Included: org.openrewrite.recipe:rewrite-micrometer:jar:0.20.0
[DEBUG]   Included: io.dropwizard.metrics:metrics-core:jar:4.2.23
[DEBUG]   Included: org.openrewrite.recipe:rewrite-openapi:jar:0.19.0
[DEBUG]   Included: io.swagger.core.v3:swagger-annotations:jar:2.2.20
[DEBUG]   Included: org.openrewrite.recipe:rewrite-testing-frameworks:jar:3.8.0
[DEBUG]   Included: org.openrewrite.recipe:rewrite-static-analysis:jar:2.9.0
[DEBUG]   Included: org.openrewrite.meta:rewrite-analysis:jar:2.21.0
[DEBUG]   Included: org.functionaljava:functionaljava:jar:5.0
[DEBUG]   Included: org.apache.commons:commons-text:jar:1.13.1
[DEBUG]   Included: org.openrewrite:rewrite-templating:jar:1.27.0
[DEBUG]   Included: org.openrewrite.recipe:rewrite-migrate-java:jar:3.9.0
[DEBUG]   Included: org.openrewrite.recipe:rewrite-github-actions:jar:3.6.0
[DEBUG]   Included: com.fasterxml.jackson.core:jackson-core:jar:2.17.3
[DEBUG]   Included: org.openrewrite.recipe:rewrite-jenkins:jar:0.25.0
[DEBUG]   Included: tech.picnic.error-prone-support:error-prone-contrib:jar:recipes:0.23.0
[DEBUG]   Included: tech.picnic.error-prone-support:error-prone-utils:jar:0.23.0
[DEBUG]   Included: tech.picnic.error-prone-support:refaster-support:jar:0.23.0
[DEBUG]   Included: com.google.guava:guava:jar:33.4.8-jre
[DEBUG]   Included: com.google.guava:failureaccess:jar:1.0.3
[DEBUG]   Included: com.google.guava:listenablefuture:jar:9999.0-empty-to-avoid-conflict-with-guava
[DEBUG]   Included: com.google.j2objc:j2objc-annotations:jar:3.0.0
[DEBUG]   Included: org.openrewrite:rewrite-java:jar:8.52.0
[DEBUG]   Included: org.openrewrite:rewrite-core:jar:8.52.0
[DEBUG]   Included: org.openrewrite.tools:jgit:jar:1.2.0
[DEBUG]   Included: com.googlecode.javaewah:JavaEWAH:jar:1.1.13
[DEBUG]   Included: com.fasterxml.jackson.core:jackson-databind:jar:2.17.3
[DEBUG]   Included: com.fasterxml.jackson.module:jackson-module-parameter-names:jar:2.17.3
[DEBUG]   Included: org.openrewrite.tools:java-object-diff:jar:1.0.1
[DEBUG]   Included: io.quarkus.gizmo:gizmo:jar:1.0.11.Final
[DEBUG]   Included: org.jboss:jandex:jar:2.4.2.Final
[DEBUG]   Included: net.java.dev.jna:jna-platform:jar:5.17.0
[DEBUG]   Included: net.java.dev.jna:jna:jar:5.17.0
[DEBUG]   Included: io.moderne:jsonrpc:jar:1.0.0
[DEBUG]   Included: org.objenesis:objenesis:jar:3.4
[DEBUG]   Included: com.fasterxml.jackson.core:jackson-annotations:jar:2.17.3
[DEBUG]   Included: org.antlr:antlr4-runtime:jar:4.13.2
[DEBUG]   Included: org.apache.commons:commons-lang3:jar:3.17.0
[DEBUG]   Included: io.github.classgraph:classgraph:jar:4.8.179
[DEBUG]   Included: org.ow2.asm:asm:jar:9.8
[DEBUG]   Included: org.ow2.asm:asm-util:jar:9.8
[DEBUG]   Included: org.ow2.asm:asm-tree:jar:9.8
[DEBUG]   Included: org.ow2.asm:asm-analysis:jar:9.8
[DEBUG]   Included: org.openrewrite:rewrite-java-8:jar:8.52.0
[DEBUG]   Included: org.openrewrite:rewrite-java-lombok:jar:8.52.0
[DEBUG]   Included: org.projectlombok:lombok:jar:1.18.38
[DEBUG]   Included: org.openrewrite:rewrite-java-11:jar:8.52.0
[DEBUG]   Included: org.openrewrite:rewrite-java-17:jar:8.52.0
[DEBUG]   Included: org.openrewrite:rewrite-java-21:jar:8.52.0
[DEBUG]   Included: org.openrewrite:rewrite-xml:jar:8.52.0
[DEBUG]   Included: org.openrewrite:rewrite-maven:jar:8.52.0
[DEBUG]   Included: com.github.ben-manes.caffeine:caffeine:jar:2.9.3
[DEBUG]   Included: org.checkerframework:checker-qual:jar:3.19.0
[DEBUG]   Included: com.google.errorprone:error_prone_annotations:jar:2.10.0
[DEBUG]   Included: dev.failsafe:failsafe:jar:3.3.2
[DEBUG]   Included: com.fasterxml.jackson.dataformat:jackson-dataformat-xml:jar:2.17.3
[DEBUG]   Included: org.codehaus.woodstox:stax2-api:jar:4.2.2
[DEBUG]   Included: com.fasterxml.woodstox:woodstox-core:jar:6.7.0
[DEBUG]   Included: com.fasterxml.jackson.dataformat:jackson-dataformat-smile:jar:2.17.3
[DEBUG]   Included: com.fasterxml.jackson.module:jackson-module-jaxb-annotations:jar:2.17.3
[DEBUG]   Included: jakarta.xml.bind:jakarta.xml.bind-api:jar:2.3.3
[DEBUG]   Included: jakarta.activation:jakarta.activation-api:jar:1.2.2
[DEBUG]   Included: com.fasterxml.jackson.datatype:jackson-datatype-jdk8:jar:2.17.3
[DEBUG]   Included: org.openrewrite:rewrite-hcl:jar:8.52.0
[DEBUG]   Included: org.openrewrite:rewrite-json:jar:8.52.0
[DEBUG]   Included: org.openrewrite:rewrite-properties:jar:8.52.0
[DEBUG]   Included: org.openrewrite:rewrite-protobuf:jar:8.52.0
[DEBUG]   Included: org.openrewrite:rewrite-toml:jar:8.52.0
[DEBUG]   Included: org.openrewrite:rewrite-yaml:jar:8.52.0
[DEBUG]   Included: org.yaml:snakeyaml:jar:2.4
[DEBUG]   Included: org.openrewrite:rewrite-groovy:jar:8.52.0
[DEBUG]   Included: org.codehaus.groovy:groovy:jar:3.0.24
[DEBUG]   Included: org.openrewrite:rewrite-kotlin:jar:8.52.0
[DEBUG]   Included: org.jetbrains.kotlin:kotlin-compiler-embeddable:jar:1.9.25
[DEBUG]   Included: org.jetbrains.kotlin:kotlin-script-runtime:jar:1.9.25
[DEBUG]   Included: org.jetbrains.kotlin:kotlin-reflect:jar:1.6.10
[DEBUG]   Included: org.jetbrains.kotlin:kotlin-daemon-embeddable:jar:1.9.25
[DEBUG]   Included: org.jetbrains.intellij.deps:trove4j:jar:1.0.20200330
[DEBUG]   Included: org.jetbrains.kotlin:kotlin-stdlib:jar:1.9.25
[DEBUG]   Included: org.codehaus.plexus:plexus-xml:jar:4.1.0
[DEBUG]   Included: org.apache.maven:maven-xml:jar:4.0.0-rc-3
[DEBUG]   Included: io.micrometer:micrometer-core:jar:1.14.6
[DEBUG]   Included: io.micrometer:micrometer-commons:jar:1.14.6
[DEBUG]   Included: io.micrometer:micrometer-observation:jar:1.14.6
[DEBUG]   Included: org.hdrhistogram:HdrHistogram:jar:2.2.2
[DEBUG]   Included: org.latencyutils:LatencyUtils:jar:2.0.3
[DEBUG]   Included: org.rocksdb:rocksdbjni:jar:8.8.1
[DEBUG] Loading mojo org.openrewrite.maven:rewrite-maven-plugin:6.8.0:run from plugin realm ClassRealm[plugin>org.openrewrite.maven:rewrite-maven-plugin:6.8.0, parent: jdk.internal.loader.ClassLoaders$AppClassLoader@5bc2b487]
[DEBUG] Configuring mojo execution 'org.openrewrite.maven:rewrite-maven-plugin:6.8.0:run:run-openrewrite' with basic configurator -->
[DEBUG]   (f) activeRecipes = [com.vmware.tanzu.MainAdvisorRecipe]
[DEBUG]   (f) activeStyles = []
[DEBUG]   (f) additionalPlainTextMasks = []
[DEBUG]   (f) checkstyleDetectionEnabled = true
[DEBUG]   (f) configLocation = /Users/dcaron/Documents/src/spring-io-barcelona-2025-spring-kafka-the-advance-features/repros/02-missing-recipe-bundle/.advisor/44f81a47-8e98-42d3-a2ee-0c501914cdd9-rewrite.yml
[DEBUG]   (f) exclusions = []
[DEBUG]   (f) exportDatatables = false
[DEBUG]   (f) failOnInvalidActiveRecipes = true
[DEBUG]   (f) mavenSession = org.apache.maven.execution.MavenSession@60b34931
[DEBUG]   (f) options = []
[DEBUG]   (f) plainTextMasks = []
[DEBUG]   (f) pluginDescriptor = Component Descriptor: role: 'org.apache.maven.plugin.Mojo', implementation: 'org.openrewrite.maven.RewriteDiscoverMojo', role hint: 'org.openrewrite.maven:rewrite-maven-plugin:6.8.0:discover'
role: 'org.apache.maven.plugin.Mojo', implementation: 'org.openrewrite.maven.RewriteDryRunMojo', role hint: 'org.openrewrite.maven:rewrite-maven-plugin:6.8.0:dryRun'
role: 'org.apache.maven.plugin.Mojo', implementation: 'org.openrewrite.maven.RewriteDryRunNoForkMojo', role hint: 'org.openrewrite.maven:rewrite-maven-plugin:6.8.0:dryRunNoFork'
role: 'org.apache.maven.plugin.Mojo', implementation: 'org.openrewrite.maven.rewrite_maven_plugin.HelpMojo', role hint: 'org.openrewrite.maven:rewrite-maven-plugin:6.8.0:help'
role: 'org.apache.maven.plugin.Mojo', implementation: 'org.openrewrite.maven.RewriteRunMojo', role hint: 'org.openrewrite.maven:rewrite-maven-plugin:6.8.0:run'
role: 'org.apache.maven.plugin.Mojo', implementation: 'org.openrewrite.maven.RewriteRunNoForkMojo', role hint: 'org.openrewrite.maven:rewrite-maven-plugin:6.8.0:runNoFork'
---
[DEBUG]   (f) pomCacheEnabled = true
[DEBUG]   (f) project = MavenProject: com.example:missing-recipe-repro-app:0.0.1-SNAPSHOT @ /Users/dcaron/Documents/src/spring-io-barcelona-2025-spring-kafka-the-advance-features/repros/02-missing-recipe-bundle/app/pom.xml
[DEBUG]   (f) recipeArtifactCoordinates = [com.vmware.tanzu.spring.recipes:java-recipes:1.7.5, com.vmware.tanzu.spring.recipes:rewrite-migrate-java:1.7.5, com.vmware.tanzu.spring.recipes:rewrite-spring:1.7.5, com.vmware.tanzu.spring.recipes:spring-boot-2-upgrade-recipes:1.7.5, com.vmware.tanzu.spring.recipes:spring-boot-3-upgrade-recipes:1.7.5, com.vmware.tanzu.spring.recipes:spring-boot-4-upgrade-recipes:1.7.5]
[DEBUG]   (f) recipeChangeLogLevel = WARN
[DEBUG]   (f) resolvePropertiesInYaml = true
[DEBUG]   (f) rewriteSkip = false
[DEBUG]   (f) runPerSubmodule = false
[DEBUG]   (f) sizeThresholdMb = 10
[DEBUG]   (f) skipMavenParsing = false
[DEBUG] -- end configuration --
[DEBUG] Using SLF4J as the default logging framework
[INFO] Using active recipe(s) [com.vmware.tanzu.MainAdvisorRecipe]
[INFO] Using active styles(s) []
[DEBUG] Dependency collection stats {ConflictMarker.analyzeTime=1135045, ConflictMarker.markTime=439434, ConflictMarker.nodeCount=1419, ConflictIdSorter.graphTime=603045, ConflictIdSorter.topsortTime=122048, ConflictIdSorter.conflictIdCount=139, ConflictIdSorter.conflictIdCycleCount=0, ConflictResolver.totalTime=4053560, ConflictResolver.conflictItemCount=421, DfDependencyCollector.collectTime=315481600, DfDependencyCollector.transformTime=6400073}
[INFO] Validating active recipes...
[ERROR] Recipe validation error in com.vmware.tanzu.AnyOfScanningRecipes: Unable to load Recipe: java.lang.IllegalArgumentException: Cannot construct instance of `com.vmware.tanzu.AnyOfScanningRecipes`, problem: Recipe class not found: org.openrewrite.java.dependencies.search.ModuleHasDependency
 at [Source: UNKNOWN; byte offset: #UNKNOWN]
[ERROR] Recipe validation error in com.vmware.tanzu.AnyOfScanningRecipes: Unable to load Recipe: java.lang.IllegalArgumentException: Cannot construct instance of `com.vmware.tanzu.AnyOfScanningRecipes`, problem: Recipe class not found: org.openrewrite.java.dependencies.search.ModuleHasDependency
 at [Source: UNKNOWN; byte offset: #UNKNOWN]
[ERROR] Recipe validation error in com.vmware.tanzu.AnyOfScanningRecipes: Unable to load Recipe: java.lang.IllegalArgumentException: Cannot construct instance of `com.vmware.tanzu.AnyOfScanningRecipes`, problem: Recipe class not found: org.openrewrite.java.dependencies.search.ModuleHasDependency
 at [Source: UNKNOWN; byte offset: #UNKNOWN]
[ERROR] Recipe validation error in com.vmware.tanzu.AnyOfScanningRecipes: Unable to load Recipe: java.lang.IllegalArgumentException: Cannot construct instance of `com.vmware.tanzu.AnyOfScanningRecipes`, problem: Recipe class not found: org.openrewrite.java.dependencies.search.ModuleHasDependency
 at [Source: UNKNOWN; byte offset: #UNKNOWN]
[ERROR] Recipe validation error in com.vmware.tanzu.AnyOfScanningRecipes: Unable to load Recipe: java.lang.IllegalArgumentException: Cannot construct instance of `com.vmware.tanzu.AnyOfScanningRecipes`, problem: Recipe class not found: org.openrewrite.java.dependencies.search.ModuleHasDependency
 at [Source: UNKNOWN; byte offset: #UNKNOWN]
[INFO] ------------------------------------------------------------------------
[INFO] Reactor Summary for missing-recipe-repro-parent 0.0.1-SNAPSHOT:
[INFO] 
[INFO] missing-recipe-repro-parent ........................ SUCCESS [  0.553 s]
[INFO] missing-recipe-repro-app ........................... FAILURE [ 15.344 s]
[INFO] ------------------------------------------------------------------------
[INFO] BUILD FAILURE
[INFO] ------------------------------------------------------------------------
[INFO] Total time:  16.195 s
[INFO] Finished at: 2026-08-20T14:47:07+02:00
[INFO] ------------------------------------------------------------------------
[ERROR] Failed to execute goal org.openrewrite.maven:rewrite-maven-plugin:6.8.0:run (run-openrewrite) on project missing-recipe-repro-app: Recipe validation errors detected as part of one or more activeRecipe(s). Please check error logs. -> [Help 1]
org.apache.maven.lifecycle.LifecycleExecutionException: Failed to execute goal org.openrewrite.maven:rewrite-maven-plugin:6.8.0:run (run-openrewrite) on project missing-recipe-repro-app: Recipe validation errors detected as part of one or more activeRecipe(s). Please check error logs.
    at org.apache.maven.lifecycle.internal.MojoExecutor.doExecute2 (MojoExecutor.java:333)
    at org.apache.maven.lifecycle.internal.MojoExecutor.doExecute (MojoExecutor.java:316)
    at org.apache.maven.lifecycle.internal.MojoExecutor.execute (MojoExecutor.java:212)
    at org.apache.maven.lifecycle.internal.MojoExecutor.execute (MojoExecutor.java:174)
    at org.apache.maven.lifecycle.internal.MojoExecutor.access$000 (MojoExecutor.java:75)
    at org.apache.maven.lifecycle.internal.MojoExecutor$1.run (MojoExecutor.java:162)
    at org.apache.maven.plugin.DefaultMojosExecutionStrategy.execute (DefaultMojosExecutionStrategy.java:39)
    at org.apache.maven.lifecycle.internal.MojoExecutor.execute (MojoExecutor.java:159)
    at org.apache.maven.lifecycle.internal.LifecycleModuleBuilder.buildProject (LifecycleModuleBuilder.java:105)
    at org.apache.maven.lifecycle.internal.LifecycleModuleBuilder.buildProject (LifecycleModuleBuilder.java:73)
    at org.apache.maven.lifecycle.internal.builder.singlethreaded.SingleThreadedBuilder.build (SingleThreadedBuilder.java:53)
    at org.apache.maven.lifecycle.internal.LifecycleStarter.execute (LifecycleStarter.java:118)
    at org.apache.maven.DefaultMaven.doExecute (DefaultMaven.java:261)
    at org.apache.maven.DefaultMaven.doExecute (DefaultMaven.java:173)
    at org.apache.maven.DefaultMaven.execute (DefaultMaven.java:101)
    at org.apache.maven.cli.MavenCli.execute (MavenCli.java:919)
    at org.apache.maven.cli.MavenCli.doMain (MavenCli.java:285)
    at org.apache.maven.cli.MavenCli.main (MavenCli.java:207)
    at jdk.internal.reflect.DirectMethodHandleAccessor.invoke (DirectMethodHandleAccessor.java:104)
    at java.lang.reflect.Method.invoke (Method.java:565)
    at org.codehaus.plexus.classworlds.launcher.Launcher.launchEnhanced (Launcher.java:255)
    at org.codehaus.plexus.classworlds.launcher.Launcher.launch (Launcher.java:201)
    at org.codehaus.plexus.classworlds.launcher.Launcher.mainWithExitCode (Launcher.java:362)
    at org.codehaus.plexus.classworlds.launcher.Launcher.main (Launcher.java:314)
Caused by: org.apache.maven.plugin.MojoExecutionException: Recipe validation errors detected as part of one or more activeRecipe(s). Please check error logs.
    at org.openrewrite.maven.AbstractRewriteBaseRunMojo.listResults (AbstractRewriteBaseRunMojo.java:147)
    at org.openrewrite.maven.AbstractRewriteRunMojo.execute (AbstractRewriteRunMojo.java:66)
    at org.apache.maven.plugin.DefaultBuildPluginManager.executeMojo (DefaultBuildPluginManager.java:126)
    at org.apache.maven.lifecycle.internal.MojoExecutor.doExecute2 (MojoExecutor.java:328)
    at org.apache.maven.lifecycle.internal.MojoExecutor.doExecute (MojoExecutor.java:316)
    at org.apache.maven.lifecycle.internal.MojoExecutor.execute (MojoExecutor.java:212)
    at org.apache.maven.lifecycle.internal.MojoExecutor.execute (MojoExecutor.java:174)
    at org.apache.maven.lifecycle.internal.MojoExecutor.access$000 (MojoExecutor.java:75)
    at org.apache.maven.lifecycle.internal.MojoExecutor$1.run (MojoExecutor.java:162)
    at org.apache.maven.plugin.DefaultMojosExecutionStrategy.execute (DefaultMojosExecutionStrategy.java:39)
    at org.apache.maven.lifecycle.internal.MojoExecutor.execute (MojoExecutor.java:159)
    at org.apache.maven.lifecycle.internal.LifecycleModuleBuilder.buildProject (LifecycleModuleBuilder.java:105)
    at org.apache.maven.lifecycle.internal.LifecycleModuleBuilder.buildProject (LifecycleModuleBuilder.java:73)
    at org.apache.maven.lifecycle.internal.builder.singlethreaded.SingleThreadedBuilder.build (SingleThreadedBuilder.java:53)
    at org.apache.maven.lifecycle.internal.LifecycleStarter.execute (LifecycleStarter.java:118)
    at org.apache.maven.DefaultMaven.doExecute (DefaultMaven.java:261)
    at org.apache.maven.DefaultMaven.doExecute (DefaultMaven.java:173)
    at org.apache.maven.DefaultMaven.execute (DefaultMaven.java:101)
    at org.apache.maven.cli.MavenCli.execute (MavenCli.java:919)
    at org.apache.maven.cli.MavenCli.doMain (MavenCli.java:285)
    at org.apache.maven.cli.MavenCli.main (MavenCli.java:207)
    at jdk.internal.reflect.DirectMethodHandleAccessor.invoke (DirectMethodHandleAccessor.java:104)
    at java.lang.reflect.Method.invoke (Method.java:565)
    at org.codehaus.plexus.classworlds.launcher.Launcher.launchEnhanced (Launcher.java:255)
    at org.codehaus.plexus.classworlds.launcher.Launcher.launch (Launcher.java:201)
    at org.codehaus.plexus.classworlds.launcher.Launcher.mainWithExitCode (Launcher.java:362)
    at org.codehaus.plexus.classworlds.launcher.Launcher.main (Launcher.java:314)
[ERROR] 
[ERROR] 
[ERROR] For more information about the errors and possible solutions, please read the following articles:
[ERROR] [Help 1] http://cwiki.apache.org/confluence/display/MAVEN/MojoExecutionException
[ERROR] 
[ERROR] After correcting the problems, you can resume the build with the command
[ERROR]   mvn <args> -rf :missing-recipe-repro-app
[DEBUG] Shutting down adapter factory; available factories [file-lock, rwlock-local, semaphore-local, noop]; available name mappers [discriminating, file-gaecv, file-gav, file-hgaecv, file-hgav, file-static, gaecv, gav, static]
[DEBUG] Shutting down 'file-lock' factory
[DEBUG] Shutting down 'rwlock-local' factory
[DEBUG] Shutting down 'semaphore-local' factory
[DEBUG] Shutting down 'noop' factory


	at com.vmware.tanzu.spring.advisor.cli.upgradeplan.runner.UpgradePlanRunnerWithTimer.lambda$applyUpgradeWithTimer$2(UpgradePlanRunnerWithTimer.java:79)
	at com.vmware.tanzu.spring.advisor.proc.CLITimerRunner.run(CLITimerRunner.java:37)
	at com.vmware.tanzu.spring.advisor.cli.upgradeplan.runner.UpgradePlanRunnerWithTimer.applyUpgradeWithTimer(UpgradePlanRunnerWithTimer.java:43)
	at com.vmware.tanzu.spring.advisor.cli.upgradeplan.runner.UpgradePlanRunnerWithTimer.applyUpgrade(UpgradePlanRunnerWithTimer.java:38)
	at com.vmware.tanzu.spring.advisor.cli.upgradeplan.runner.UpgradePlanRunner.applyRecipe(UpgradePlanRunner.java:110)
	at com.vmware.tanzu.spring.advisor.cli.upgradeplan.runner.UpgradePlanRunner.runUpgrade(UpgradePlanRunner.java:64)
	... 33 more


^========= [ build-config.json ] =========
{
  "submodules" : [ "com.example:missing-recipe-repro-parent", "com.example:missing-recipe-repro-app" ],
  "dependencyManagementArtifacts" : [ ],
  "sbom" : {
  "bomFormat" : "CycloneDX",
  "specVersion" : "1.5",
  "serialNumber" : "urn:uuid:16dcd438-1621-3e9c-86b5-896103ddf790",
  "version" : 1,
  "metadata" : {
    "timestamp" : "2026-08-20T12:46:10Z",
    "lifecycles" : [
      {
        "phase" : "build"
      }
    ],
    "tools" : {
      "components" : [
        {
          "type" : "library",
          "author" : "OWASP Foundation",
          "group" : "org.cyclonedx",
          "name" : "cyclonedx-maven-plugin",
          "version" : "2.9.3",
          "description" : "CycloneDX Maven plugin",
          "hashes" : [
            {
              "alg" : "MD5",
              "content" : "e7c87ab327b65b23c681fc9dc8bb620b"
            },
            {
              "alg" : "SHA-1",
              "content" : "fa3f0f04f4d5077b5e085d4d09aa2e68aeba5260"
            },
            {
              "alg" : "SHA-256",
              "content" : "c452d5eebe28bc86bef2e7c72d129f04f60877bef843eac8120f01fb655be293"
            },
            {
              "alg" : "SHA-512",
              "content" : "ec0344ed2ffe62d565aaf936a37140d04c7fffa8669a666be0366cd44eec3195232d79841cdec47030b79068216ac7e1a8c805255758e3d418dae32a4b9b9beb"
            },
            {
              "alg" : "SHA-384",
              "content" : "3df26b2a00d87fe090851975ebcc30217f98634e7c47d07128e148f325ebfe3bc0790b2f52ad4591734b7b0de738f003"
            },
            {
              "alg" : "SHA3-384",
              "content" : "470c1b4962379b5b6494c75bd1475da3519bbe2543999c95f26b4021164d3d05419b0c3f704443162fe5433a204250e9"
            },
            {
              "alg" : "SHA3-256",
              "content" : "900e9c4edb18940ed3c4a4ba6946957fa613ef0d4b0c380551638f229206373c"
            },
            {
              "alg" : "SHA3-512",
              "content" : "5e36433e18ae24f7460902da27818874df5d1d73df1a97e49e7369335f7cc61ca595466a2d37789fba7eaa7f7f251b29216c3d7a78910b2ec38e2ed68ea84876"
            }
          ]
        }
      ]
    },
    "component" : {
      "type" : "library",
      "bom-ref" : "pkg:maven/com.example/missing-recipe-repro-parent@0.0.1-SNAPSHOT?type=pom",
      "group" : "com.example",
      "name" : "missing-recipe-repro-parent",
      "version" : "0.0.1-SNAPSHOT",
      "description" : "Parent pom providing dependency and plugin management for applications built with Maven",
      "licenses" : [
        {
          "license" : {
            "id" : "Apache-2.0"
          }
        }
      ],
      "purl" : "pkg:maven/com.example/missing-recipe-repro-parent@0.0.1-SNAPSHOT?type=pom",
      "externalReferences" : [
        {
          "type" : "website",
          "url" : "https://spring.io/projects/spring-boot/missing-recipe-repro-parent"
        },
        {
          "type" : "vcs",
          "url" : "https://github.com/spring-projects/spring-boot/missing-recipe-repro-parent"
        }
      ]
    },
    "properties" : [
      {
        "name" : "maven.goal",
        "value" : "makeAggregateBom"
      },
      {
        "name" : "maven.scopes",
        "value" : "compile,provided,runtime,system,test"
      }
    ]
  },
  "components" : [
    {
      "type" : "library",
      "bom-ref" : "pkg:maven/com.example/missing-recipe-repro-app@0.0.1-SNAPSHOT?type=jar",
      "group" : "com.example",
      "name" : "missing-recipe-repro-app",
      "version" : "0.0.1-SNAPSHOT",
      "description" : "Parent pom providing dependency and plugin management for applications built with Maven",
      "licenses" : [
        {
          "license" : {
            "id" : "Apache-2.0"
          }
        }
      ],
      "purl" : "pkg:maven/com.example/missing-recipe-repro-app@0.0.1-SNAPSHOT?type=jar",
      "externalReferences" : [
        {
          "type" : "website",
          "url" : "https://spring.io/projects/spring-boot/missing-recipe-repro-parent/missing-recipe-repro-app"
        },
        {
          "type" : "vcs",
          "url" : "https://github.com/spring-projects/spring-boot/missing-recipe-repro-parent/missing-recipe-repro-app"
        }
      ]
    },
    {
      "type" : "library",
      "bom-ref" : "pkg:maven/org.springframework.boot/spring-boot-starter@3.5.16?type=jar",
      "publisher" : "VMware, Inc.",
      "group" : "org.springframework.boot",
      "name" : "spring-boot-starter",
      "version" : "3.5.16",
      "description" : "Core starter, including auto-configuration support, logging and YAML",
      "scope" : "required",
      "hashes" : [
        {
          "alg" : "MD5",
          "content" : "a9bedef81badcc7696680d69aadef61e"
        },
        {
          "alg" : "SHA-1",
          "content" : "d38b3f624f867a7d1e7f72a7adb193f6d4111114"
        },
        {
          "alg" : "SHA-256",
          "content" : "649da4576c83a4f814222dcff067cd774eeeb1119e790390eaeab8e9955d0d44"
        },
        {
          "alg" : "SHA-512",
          "content" : "2756ae0b0740d4785e32533df7cafd7053201fbf0cc3d36d416f73a82cae72f6fc332d28b9ae2d54e0c51b0a3ae4d9dadd0834966851ff212a0fa98b831f4932"
        },
        {
          "alg" : "SHA-384",
          "content" : "58b1f4eaa07694c5a824809f241ac65918a26e422fa407d27928ac4adda10ef23c14895eaa80ae4655e8063a32f7c963"
        },
        {
          "alg" : "SHA3-384",
          "content" : "9ba5cf7957ca5d1cea19755ee1515d4928cc65b2bcfc94022a12c34617c57a491e44882d99b31f3d90202ad19b8d6ae9"
        },
        {
          "alg" : "SHA3-256",
          "content" : "01f390ce267cb53b2711a7916052d5ed93163cea2d53fb1707fef807459cca85"
        },
        {
          "alg" : "SHA3-512",
          "content" : "d949d94099d81845f5b3beb1018a0c9826f27e7790cc5120b0e3f1ed7b0dea645b76c28265345c946b0ddab84e13dbf9465d3e3f8b96cd1450b01442e3efcd9d"
        }
      ],
      "licenses" : [
        {
          "license" : {
            "id" : "Apache-2.0"
          }
        }
      ],
      "purl" : "pkg:maven/org.springframework.boot/spring-boot-starter@3.5.16?type=jar",
      "externalReferences" : [
        {
          "type" : "website",
          "url" : "https://spring.io/projects/spring-boot"
        },
        {
          "type" : "issue-tracker",
          "url" : "https://github.com/spring-projects/spring-boot/issues"
        },
        {
          "type" : "vcs",
          "url" : "https://github.com/spring-projects/spring-boot"
        }
      ]
    },
    {
      "type" : "library",
      "bom-ref" : "pkg:maven/org.springframework.boot/spring-boot@3.5.16?type=jar",
      "publisher" : "VMware, Inc.",
      "group" : "org.springframework.boot",
      "name" : "spring-boot",
      "version" : "3.5.16",
      "description" : "Spring Boot",
      "scope" : "required",
      "hashes" : [
        {
          "alg" : "MD5",
          "content" : "7a7ad5afd579e7a5b871dd29bf3ff406"
        },
        {
          "alg" : "SHA-1",
          "content" : "8e75e8d0d3cfbca088774df8d30b45bbd21e5d99"
        },
        {
          "alg" : "SHA-256",
          "content" : "2d5b16632402b840b0425ed52610071890bf8cb24c6c49af343bbde574123265"
        },
        {
          "alg" : "SHA-512",
          "content" : "613ba6a39397ec8aed97a88c79576cf3e1babe10921063b4c0ff5ce96df5e2a1f78a0af314df99ea2d4ed1cb9861bb147cd04a5660d4e255e2cd7a08966ad97c"
        },
        {
          "alg" : "SHA-384",
          "content" : "85f5fcaabf32a1d41e9b494126c9a3e56c1a7bdfd634b6f00a1d21b4a3943b309ab78516999f56fd50e768a5d18c8db7"
        },
        {
          "alg" : "SHA3-384",
          "content" : "4c2c54312571284171453f88e2a2ea1091fb648dab01349bec1a954dc34464c64bfe5a3c143f7aab7943fe040af1fe9f"
        },
        {
          "alg" : "SHA3-256",
          "content" : "7ca66275750a4095a9c40ee010f8a2d0ce29973600001eed1a5cd29f24b9f213"
        },
        {
          "alg" : "SHA3-512",
          "content" : "c0123da18c9614df27d8f979071d6f3398210cf9b96f8c5225ef19932cbd9f997d806992ddc24c70c0efffe3e917287a1bf9e188ce614a3ba43be47b379eb015"
        }
      ],
      "licenses" : [
        {
          "license" : {
            "id" : "Apache-2.0"
          }
        }
      ],
      "purl" : "pkg:maven/org.springframework.boot/spring-boot@3.5.16?type=jar",
      "externalReferences" : [
        {
          "type" : "website",
          "url" : "https://spring.io/projects/spring-boot"
        },
        {
          "type" : "issue-tracker",
          "url" : "https://github.com/spring-projects/spring-boot/issues"
        },
        {
          "type" : "vcs",
          "url" : "https://github.com/spring-projects/spring-boot"
        }
      ]
    },
    {
      "type" : "library",
      "bom-ref" : "pkg:maven/org.springframework/spring-context@6.2.19?type=jar",
      "publisher" : "Spring IO",
      "group" : "org.springframework",
      "name" : "spring-context",
      "version" : "6.2.19",
      "description" : "Spring Context",
      "scope" : "required",
      "hashes" : [
        {
          "alg" : "MD5",
          "content" : "77c848b32f387021e0b690be9cd24de8"
        },
        {
          "alg" : "SHA-1",
          "content" : "e218e4c4ecad1e821905628b2c4ce8561d937baa"
        },
        {
          "alg" : "SHA-256",
          "content" : "ead4b645f94a7f665f00093eaafde634e97b34524294de653b51e43e0b3fc4a4"
        },
        {
          "alg" : "SHA-512",
          "content" : "559b195fc4cacc12b690ec67108e4b76210640c2e842b763e5c7e52d7efdeef7342020c98b9c9613c4348c5f5001a5332a613974b82f8f43f8d0dc27ec7c6042"
        },
        {
          "alg" : "SHA-384",
          "content" : "55016c9012eba0c179a20e46f0150bf00284e2edc10dca5eb8a1347dbab00ae900fa10530b67f62fb4cc9a8572f23598"
        },
        {
          "alg" : "SHA3-384",
          "content" : "94aa939df4a81589a2147cebb1ea5327a296c1c30f8ee80eeaac2de82585d2982d643e84119c08137814598b5b835e94"
        },
        {
          "alg" : "SHA3-256",
          "content" : "74476937311b734cfdfd3898fa1b9b63d90ca71888e3b451668b5bfd4e5e9878"
        },
        {
          "alg" : "SHA3-512",
          "content" : "855862d203c395def8203c6e90b6c9de5dbe48c7c1deace316ed048d7df8cba14c28908b8a315f59cdf8ee7cf001de0f7e564a90db590976c6fce662b029fd23"
        }
      ],
      "licenses" : [
        {
          "license" : {
            "id" : "Apache-2.0"
          }
        }
      ],
      "purl" : "pkg:maven/org.springframework/spring-context@6.2.19?type=jar",
      "externalReferences" : [
        {
          "type" : "website",
          "url" : "https://github.com/spring-projects/spring-framework"
        },
        {
          "type" : "issue-tracker",
          "url" : "https://github.com/spring-projects/spring-framework/issues"
        },
        {
          "type" : "vcs",
          "url" : "https://github.com/spring-projects/spring-framework"
        }
      ]
    },
    {
      "type" : "library",
      "bom-ref" : "pkg:maven/org.springframework/spring-aop@6.2.19?type=jar",
      "publisher" : "Spring IO",
      "group" : "org.springframework",
      "name" : "spring-aop",
      "version" : "6.2.19",
      "description" : "Spring AOP",
      "scope" : "required",
      "hashes" : [
        {
          "alg" : "MD5",
          "content" : "36ab0f0a76202a0f8cd077fd323372a5"
        },
        {
          "alg" : "SHA-1",
          "content" : "86a538bb7b2be38a0afc4ef049784def10a86c62"
        },
        {
          "alg" : "SHA-256",
          "content" : "a11b93539d80b02caf76171db2da96df39abebbfef49a2fadd6dda0779f2e20b"
        },
        {
          "alg" : "SHA-512",
          "content" : "6037fd96f2b0547f4ab1cf3cdb1634e0e9fb05ff6d79c2d2571fdac799202b34f867d38763b1659d47ffb706bdb93504512ec220f9fe459092b64e5766578fb5"
        },
        {
          "alg" : "SHA-384",
          "content" : "3201e86f61b16ce5bd1985783bbbbf3ec0d9ac8e942b279de3ea7224b280a72800af80da25a7d6303244d5de2bc9fb38"
        },
        {
          "alg" : "SHA3-384",
          "content" : "34f54f67bc06f37a23d71da8bf1a5426773729c34f214f79f9b18e8e178a1fa58d5eb4379ab0e3f1b61ba2c066aca56e"
        },
        {
          "alg" : "SHA3-256",
          "content" : "4894330a54f314037c6d22a9e857e819bf95ebc618b8fe0ad8adeb1509f47d15"
        },
        {
          "alg" : "SHA3-512",
          "content" : "8d590892d9ed63be0655816bf386bddff797ad6fa27d8e5182317bc5909ac65b3b17fc70a02e2becb672a70c58675dfa22d1bf45720d4f6cbc8b1c17bb459b8e"
        }
      ],
      "licenses" : [
        {
          "license" : {
            "id" : "Apache-2.0"
          }
        }
      ],
      "purl" : "pkg:maven/org.springframework/spring-aop@6.2.19?type=jar",
      "externalReferences" : [
        {
          "type" : "website",
          "url" : "https://github.com/spring-projects/spring-framework"
        },
        {
          "type" : "issue-tracker",
          "url" : "https://github.com/spring-projects/spring-framework/issues"
        },
        {
          "type" : "vcs",
          "url" : "https://github.com/spring-projects/spring-framework"
        }
      ]
    },
    {
      "type" : "library",
      "bom-ref" : "pkg:maven/org.springframework/spring-beans@6.2.19?type=jar",
      "publisher" : "Spring IO",
      "group" : "org.springframework",
      "name" : "spring-beans",
      "version" : "6.2.19",
      "description" : "Spring Beans",
      "scope" : "required",
      "hashes" : [
        {
          "alg" : "MD5",
          "content" : "ae0cf6f1e373577d322e17c350d0fb15"
        },
        {
          "alg" : "SHA-1",
          "content" : "6d6b4774db3b036df46be6332d93b09d70e5c147"
        },
        {
          "alg" : "SHA-256",
          "content" : "846dc8f30a639a36eb551ee99a30469be4d11bd285ca9daf164d98321571b404"
        },
        {
          "alg" : "SHA-512",
          "content" : "4dd1a3962d1f48245bad2255504fc3520d122bb0e4a5a833fac410213c9c8b55f5336ad6a8d22c4df6b469c61c63a94d61034dcd3e1180f13fc6ce629955dcfd"
        },
        {
          "alg" : "SHA-384",
          "content" : "2434752e785fbf96053b767fd5669fc414e9300eb6020f120247f47f7897822876a27e4468484cc5cfb3bafd15de0a62"
        },
        {
          "alg" : "SHA3-384",
          "content" : "d195fa860fbf111c562a86c49a364f5fe23839ccd7ea17371319fe4f0f3756bb25dd194506dacb6f55ba0dafbdd0321a"
        },
        {
          "alg" : "SHA3-256",
          "content" : "2f2b8389a3ca62bb8e4067c865c285c5cf368872f7cbba884bb5d48fabaa92b5"
        },
        {
          "alg" : "SHA3-512",
          "content" : "31b4a8e1530e29a2bb90c32f36155c8ec39fecb32589143706164b3911d3927f87ea343e93e0aadd5ba148a9bfbff7f7c875dead36342eb24dcc7bd6a29cb58b"
        }
      ],
      "licenses" : [
        {
          "license" : {
            "id" : "Apache-2.0"
          }
        }
      ],
      "purl" : "pkg:maven/org.springframework/spring-beans@6.2.19?type=jar",
      "externalReferences" : [
        {
          "type" : "website",
          "url" : "https://github.com/spring-projects/spring-framework"
        },
        {
          "type" : "issue-tracker",
          "url" : "https://github.com/spring-projects/spring-framework/issues"
        },
        {
          "type" : "vcs",
          "url" : "https://github.com/spring-projects/spring-framework"
        }
      ]
    },
    {
      "type" : "library",
      "bom-ref" : "pkg:maven/org.springframework/spring-expression@6.2.19?type=jar",
      "publisher" : "Spring IO",
      "group" : "org.springframework",
      "name" : "spring-expression",
      "version" : "6.2.19",
      "description" : "Spring Expression Language (SpEL)",
      "scope" : "required",
      "hashes" : [
        {
          "alg" : "MD5",
          "content" : "233e2f7ced4637cad68a9449844e9a6b"
        },
        {
          "alg" : "SHA-1",
          "content" : "c7202d23797fa778c5ed55e502ac1a9f0d34012a"
        },
        {
          "alg" : "SHA-256",
          "content" : "d710a44417d890353895b341a722d7d08199e2b7da52f0a11c0e92571e1d6e19"
        },
        {
          "alg" : "SHA-512",
          "content" : "7a902e55ace9266fdd6155966026ac7223f90e548c5e9e804b08b698108fa636d6958dbf1a02f2e446eed5863d827602093cf5edda6cebb0db1123fe53389a64"
        },
        {
          "alg" : "SHA-384",
          "content" : "bdc5ef0a1810ca612bb282093e453f63b1c2c4466f7fa82b3cc69be16c05e40599c80cb5a802d506a84d64178a6d4d8f"
        },
        {
          "alg" : "SHA3-384",
          "content" : "47dedc8a2ca032a727e1c620548c87c2c64632899ddd18d099e3942e2b705072493d41d46b9d79966fe5b7da61530cd3"
        },
        {
          "alg" : "SHA3-256",
          "content" : "45e1e0ae93907a564e01e04a253e2f6caec56ff00e7bcdc381e3616f966a5998"
        },
        {
          "alg" : "SHA3-512",
          "content" : "218c38ecd7a1307b1df5a03a4897ea3274f073b74a4c8e02fd6a10c3609a544b369281f8145cefb059bd0e5a76a670766250897c10ba5bee127795d55dec807d"
        }
      ],
      "licenses" : [
        {
          "license" : {
            "id" : "Apache-2.0"
          }
        }
      ],
      "purl" : "pkg:maven/org.springframework/spring-expression@6.2.19?type=jar",
      "externalReferences" : [
        {
          "type" : "website",
          "url" : "https://github.com/spring-projects/spring-framework"
        },
        {
          "type" : "issue-tracker",
          "url" : "https://github.com/spring-projects/spring-framework/issues"
        },
        {
          "type" : "vcs",
          "url" : "https://github.com/spring-projects/spring-framework"
        }
      ]
    },
    {
      "type" : "library",
      "bom-ref" : "pkg:maven/io.micrometer/micrometer-observation@1.15.12?type=jar",
      "group" : "io.micrometer",
      "name" : "micrometer-observation",
      "version" : "1.15.12",
      "description" : "Module containing Observation related code",
      "scope" : "required",
      "hashes" : [
        {
          "alg" : "MD5",
          "content" : "b6ea6ebf93debb874d7c10f3ae79a471"
        },
        {
          "alg" : "SHA-1",
          "content" : "1d96fcaec8d2516236dfcb9914108e14bfd02238"
        },
        {
          "alg" : "SHA-256",
          "content" : "54483e68ed44af1bb0c36d1df2235d36f233e459d52f5a3be3e69813827a6300"
        },
        {
          "alg" : "SHA-512",
          "content" : "14eb9c3c2eedb0807ae6c61eaa1585ae0479e81943e9a7f948ccf0c736fc7e8ca59660b3a39976957b61a809406d41d680b2950d9a84b43a9ab310f067fcad7b"
        },
        {
          "alg" : "SHA-384",
          "content" : "176310a2537c132fb8b337f293003f92d3d8b427fa316f4f6024ff746602f43334e5599c85fb342fede7ca8d5f2acf41"
        },
        {
          "alg" : "SHA3-384",
          "content" : "56b04c0978fb0db7dc36b937cfb11f9d5067fbf2c27ff113d101671f1b2823dba574ce7e48c483b004f60ce76e94a660"
        },
        {
          "alg" : "SHA3-256",
          "content" : "5dd7d235e677cd8e9ffe066cc3d984215b2a155704cc0f22f1e9f507d75e62b5"
        },
        {
          "alg" : "SHA3-512",
          "content" : "f4101858997ce71417e2225798ccb440228fd86ac9386dafc6da65d25976343ca2516a58f766fab0a17457f056a1c1bc81a9348163a2d933b406b0bdcd26fd78"
        }
      ],
      "licenses" : [
        {
          "license" : {
            "id" : "Apache-2.0"
          }
        }
      ],
      "purl" : "pkg:maven/io.micrometer/micrometer-observation@1.15.12?type=jar",
      "externalReferences" : [
        {
          "type" : "website",
          "url" : "https://github.com/micrometer-metrics/micrometer"
        }
      ]
    },
    {
      "type" : "library",
      "bom-ref" : "pkg:maven/io.micrometer/micrometer-commons@1.15.12?type=jar",
      "group" : "io.micrometer",
      "name" : "micrometer-commons",
      "version" : "1.15.12",
      "description" : "Module containing common code",
      "scope" : "required",
      "hashes" : [
        {
          "alg" : "MD5",
          "content" : "8172f342d797138ec7a1a20e0332568c"
        },
        {
          "alg" : "SHA-1",
          "content" : "eb539638d48571fa6ce4ea3eb8417cab37a63438"
        },
        {
          "alg" : "SHA-256",
          "content" : "4b779cf7acb0534bb1f8e964f25200037ecb3944368f859a630fa637d6d5d7c0"
        },
        {
          "alg" : "SHA-512",
          "content" : "c1927afd483808c1a1437867e74728c6de51cca8ee4dffa17181c7465be04657a35784e1be4f1b44691a07f7d963eda05b75d7df2f75e2754b93b4c45a9be94c"
        },
        {
          "alg" : "SHA-384",
          "content" : "95d62484d2f63537082f0f345a0714eb835ca1b9b562b057c1f9a1e11d61b99def344a048da94da8e767f83b88863968"
        },
        {
          "alg" : "SHA3-384",
          "content" : "8f399854434c2cf9299d5bb4130616628facfbbb67a611457dec2298793158225ddefb4eb3bb3a09e2d6ff35718bac9c"
        },
        {
          "alg" : "SHA3-256",
          "content" : "c78d07461226a164881d5a46ac11f70c495a0e8083332f212ffc4ac8e1e72209"
        },
        {
          "alg" : "SHA3-512",
          "content" : "aa662915efddaf9116127b8ada35fb18747d3dd34233d623180050e00e8613a2ba0f2bcb7da78b187eca1e118f43f480ffca96e33e880407eb81bfacf7d8c930"
        }
      ],
      "licenses" : [
        {
          "license" : {
            "id" : "Apache-2.0"
          }
        }
      ],
      "purl" : "pkg:maven/io.micrometer/micrometer-commons@1.15.12?type=jar",
      "externalReferences" : [
        {
          "type" : "website",
          "url" : "https://github.com/micrometer-metrics/micrometer"
        }
      ]
    },
    {
      "type" : "library",
      "bom-ref" : "pkg:maven/org.springframework.boot/spring-boot-autoconfigure@3.5.16?type=jar",
      "publisher" : "VMware, Inc.",
      "group" : "org.springframework.boot",
      "name" : "spring-boot-autoconfigure",
      "version" : "3.5.16",
      "description" : "Spring Boot AutoConfigure",
      "scope" : "required",
      "hashes" : [
        {
          "alg" : "MD5",
          "content" : "456df6ce6ce9901dc7239a2ccd7b5eee"
        },
        {
          "alg" : "SHA-1",
          "content" : "87db09240595b49b530b230252311836abd21df1"
        },
        {
          "alg" : "SHA-256",
          "content" : "0198331231e9bf872a135741d59c6d1f9e9007ff207a1ca910179c550bb12bfc"
        },
        {
          "alg" : "SHA-512",
          "content" : "05f328de56d104aa2a9f7aedc1c994ca5505a74c2cfa2f9e1fcba873a262950834ea4f66e0ec186c7102da381565a43773ece6e8f9d27413b54f8e514b39d78d"
        },
        {
          "alg" : "SHA-384",
          "content" : "6dc07a3b2b4adcf93c13bc00d7e250298c01de235b9fd06d605effbf21c9806bfce1ed3c4ab8dcfc7cf6b731f81005ff"
        },
        {
          "alg" : "SHA3-384",
          "content" : "170cdd4c0df80733411c83a910f078ac1bf327e5ad4ab686a1c00f27525c5809e672a6768808f8e5aa41f6a6cd8818c1"
        },
        {
          "alg" : "SHA3-256",
          "content" : "c4d704abcd1dc6ee1a797fbaf40311be01560e2439f6c5928d8b0beb5c6c5e63"
        },
        {
          "alg" : "SHA3-512",
          "content" : "11016b2f1e0ce47c186966f270971b916ac5c194c2fb5425da65f645aecfc3187c3961c39200525fd9a01b1fb468fdb3db03e457a87886444411e645cfe1c82c"
        }
      ],
      "licenses" : [
        {
          "license" : {
            "id" : "Apache-2.0"
          }
        }
      ],
      "purl" : "pkg:maven/org.springframework.boot/spring-boot-autoconfigure@3.5.16?type=jar",
      "externalReferences" : [
        {
          "type" : "website",
          "url" : "https://spring.io/projects/spring-boot"
        },
        {
          "type" : "issue-tracker",
          "url" : "https://github.com/spring-projects/spring-boot/issues"
        },
        {
          "type" : "vcs",
          "url" : "https://github.com/spring-projects/spring-boot"
        }
      ]
    },
    {
      "type" : "library",
      "bom-ref" : "pkg:maven/org.springframework.boot/spring-boot-starter-logging@3.5.16?type=jar",
      "publisher" : "VMware, Inc.",
      "group" : "org.springframework.boot",
      "name" : "spring-boot-starter-logging",
      "version" : "3.5.16",
      "description" : "Starter for logging using Logback. Default logging starter",
      "scope" : "required",
      "hashes" : [
        {
          "alg" : "MD5",
          "content" : "f7403bc79d5914196bfd62efd4a4115e"
        },
        {
          "alg" : "SHA-1",
          "content" : "18df7a243be45f11ee346cdd4d7b84d377917a2e"
        },
        {
          "alg" : "SHA-256",
          "content" : "f761d56f6693a47e6cccca8e9202c716ab954ccdf7440e1fccc0cb50c661eeb8"
        },
        {
          "alg" : "SHA-512",
          "content" : "220759ef096ce216b72d6813b09e10f56d3a2c45cb0a3e51623d283c658466e10e2dfb93a026a72450aa6f56be8a19b870c05c7ac97d00e198e6a73f225086e1"
        },
        {
          "alg" : "SHA-384",
          "content" : "96d0ccc40f6b3ea70cf83a5d77b22319814d0dd04985179ce04e0c65549c37e221cd1be3e5cee438460fa69a5326f6ff"
        },
        {
          "alg" : "SHA3-384",
          "content" : "9971e29163b2098a5f82bee9cc2ac64d44264433bcd62fa99280fb0c56b9666c7103d7aedbc7b576ff30099d55cf1753"
        },
        {
          "alg" : "SHA3-256",
          "content" : "e93d9711f61f493ce96ddac2b4e70a723d660c41c7c980f20315ff74a3056fde"
        },
        {
          "alg" : "SHA3-512",
          "content" : "38e96dd1972781caf4506fcf2b4adddfa42ee25957e6fd49aaca68d9ba0ab2bd7332d49d5afa0150d56693d622320340f77d4af157e13fa982ab3598eccd04a6"
        }
      ],
      "licenses" : [
        {
          "license" : {
            "id" : "Apache-2.0"
          }
        }
      ],
      "purl" : "pkg:maven/org.springframework.boot/spring-boot-starter-logging@3.5.16?type=jar",
      "externalReferences" : [
        {
          "type" : "website",
          "url" : "https://spring.io/projects/spring-boot"
        },
        {
          "type" : "issue-tracker",
          "url" : "https://github.com/spring-projects/spring-boot/issues"
        },
        {
          "type" : "vcs",
          "url" : "https://github.com/spring-projects/spring-boot"
        }
      ]
    },
    {
      "type" : "library",
      "bom-ref" : "pkg:maven/ch.qos.logback/logback-classic@1.5.34?type=jar",
      "publisher" : "QOS.ch",
      "group" : "ch.qos.logback",
      "name" : "logback-classic",
      "version" : "1.5.34",
      "description" : "logback-classic module",
      "scope" : "required",
      "hashes" : [
        {
          "alg" : "MD5",
          "content" : "eeec5f5930eaaaa84b192f59161d79c0"
        },
        {
          "alg" : "SHA-1",
          "content" : "e598899bad5824511cd3019299254230468e1fa2"
        },
        {
          "alg" : "SHA-256",
          "content" : "b65e05076a5c1aadb659b4fe4bc5fee31cb26cd70390292eb03e4a7a24cff10f"
        },
        {
          "alg" : "SHA-512",
          "content" : "19e6d03e299c17915656f69a8807a17dffa09366c24608b1ee2aacf3aa766ff5f86b6676a956496243457f8fcdb6a4008a656374adea7348aa447de8a1794cf8"
        },
        {
          "alg" : "SHA-384",
          "content" : "451ab7461369152ea5c4f5f53b098351344acf0fa60559b35c345d58fd0a3c1e0d22f727b82ed5cf5c0049dbf50ff3c2"
        },
        {
          "alg" : "SHA3-384",
          "content" : "c14002affa8e245b3d11ecc2df8fe1f91492eb3714c5548160f22791c1d3d2d827c9f8ba15324d93d6d83f74151ad415"
        },
        {
          "alg" : "SHA3-256",
          "content" : "ac553d57d9f0fe247bf7184a30321d11455792be81b589d80317824bec19aa9e"
        },
        {
          "alg" : "SHA3-512",
          "content" : "338c0322741630ed6516b9acc893f1f123ceb2c79069752723dc7b2ca38363d1318470b469f3a75a1a1e834ad834ab6e1681bd82dcf281050eae3b10a1ed334d"
        }
      ],
      "licenses" : [
        {
          "license" : {
            "id" : "EPL-2.0",
            "url" : "https://www.eclipse.org/legal/epl-2.0"
          }
        },
        {
          "license" : {
            "id" : "LGPL-2.1-only",
            "url" : "https://www.gnu.org/licenses/old-licenses/lgpl-2.1-standalone.html"
          }
        }
      ],
      "purl" : "pkg:maven/ch.qos.logback/logback-classic@1.5.34?type=jar",
      "externalReferences" : [
        {
          "type" : "website",
          "url" : "http://logback.qos.ch/logback-classic"
        },
        {
          "type" : "distribution-intake",
          "url" : "https://oss.sonatype.org/service/local/staging/deploy/maven2/"
        },
        {
          "type" : "vcs",
          "url" : "https://github.com/qos-ch/logback/logback-classic"
        }
      ]
    },
    {
      "type" : "library",
      "bom-ref" : "pkg:maven/ch.qos.logback/logback-core@1.5.34?type=jar",
      "publisher" : "QOS.ch",
      "group" : "ch.qos.logback",
      "name" : "logback-core",
      "version" : "1.5.34",
      "description" : "logback-core module",
      "scope" : "required",
      "hashes" : [
        {
          "alg" : "MD5",
          "content" : "ef459237a22ab546dd001ff612dce80d"
        },
        {
          "alg" : "SHA-1",
          "content" : "378692f76c337b3325c15bffb89e013dc1f897b4"
        },
        {
          "alg" : "SHA-256",
          "content" : "42eda264c0c650c2bec59e66151a88b708a8663dc1b49d788202d53e78b8caae"
        },
        {
          "alg" : "SHA-512",
          "content" : "6f3bc905ed6c4830863606acc5030338d6f09d791e1de8b7c1fc30a053bfda16ac61b5d7a2deb64416dde1f0dd08246434ef3009ce4a7a5519fca16544c19403"
        },
        {
          "alg" : "SHA-384",
          "content" : "577e2b6e4c4c0aafc0c9beefa03d61613be44528ef7b4333f12a09772d9147194bf4bbf7ce6d0db7a808b5193d158cf2"
        },
        {
          "alg" : "SHA3-384",
          "content" : "35a65377284fbcb91be19f8613a84c4ac5770ac529e301c5ef488762bc43c7cb9f921812f3b0ec5fb7ac2cb6058dd7a8"
        },
        {
          "alg" : "SHA3-256",
          "content" : "8a6d4d613e3d75229ef1bf1095f5f3d3794e17e74c75ca1cc86ede4eacdad9aa"
        },
        {
          "alg" : "SHA3-512",
          "content" : "f52c1ea5cac4a1e57ba3b95d3170229974db21cc0187a29b8e1c6c75cf1223d653c765b8ad8dd9f0f66151e85c9d31e1bdf34187c79aaefd860239b06440841d"
        }
      ],
      "licenses" : [
        {
          "license" : {
            "id" : "EPL-2.0",
            "url" : "https://www.eclipse.org/legal/epl-2.0"
          }
        },
        {
          "license" : {
            "id" : "LGPL-2.1-only",
            "url" : "https://www.gnu.org/licenses/old-licenses/lgpl-2.1-standalone.html"
          }
        }
      ],
      "purl" : "pkg:maven/ch.qos.logback/logback-core@1.5.34?type=jar",
      "externalReferences" : [
        {
          "type" : "website",
          "url" : "http://logback.qos.ch/logback-core"
        },
        {
          "type" : "distribution-intake",
          "url" : "https://oss.sonatype.org/service/local/staging/deploy/maven2/"
        },
        {
          "type" : "vcs",
          "url" : "https://github.com/qos-ch/logback/logback-core"
        }
      ]
    },
    {
      "type" : "library",
      "bom-ref" : "pkg:maven/org.apache.logging.log4j/log4j-to-slf4j@2.24.3?type=jar",
      "publisher" : "The Apache Software Foundation",
      "group" : "org.apache.logging.log4j",
      "name" : "log4j-to-slf4j",
      "version" : "2.24.3",
      "description" : "Forwards the Log4j API calls to SLF4J. (Refer to the `log4j-slf4j[2]-impl` artifacts for forwarding SLF4J to the Log4j API.)",
      "scope" : "required",
      "hashes" : [
        {
          "alg" : "MD5",
          "content" : "1f4b63f9c41f2f5179aa10b35d76e805"
        },
        {
          "alg" : "SHA-1",
          "content" : "da1143e2a2531ee1c2d90baa98eb50a28a39d5a7"
        },
        {
          "alg" : "SHA-256",
          "content" : "c7f2b0c612a4eb05b1587d1c880eb4cf5f4f53850676a8ede8da2b8fabb4f73f"
        },
        {
          "alg" : "SHA-512",
          "content" : "8ca27fa34d4a8a6e57c9f578c85769a685659d34dd00a855d65f22ebc936155eac1c76aa4bf4f439e302e9a202f9c0856df01e543259bd9d2675ab59c20b6f9b"
        },
        {
          "alg" : "SHA-384",
          "content" : "9078afac573cf6ae3b4d548a933ffebe5113ba74438cc4db75135c45f35594079fb85b698521227a61dd464a3652fa8c"
        },
        {
          "alg" : "SHA3-384",
          "content" : "65b28474ade17f1b34da33d6197f54571f598fa4535c49c0f41ba807d559045ff4d41140a55b0b5f4103cfa965daa237"
        },
        {
          "alg" : "SHA3-256",
          "content" : "dade25cfd6470dfc19cf2006073b7838c543b10ccee5b86c6d459461377e7a0b"
        },
        {
          "alg" : "SHA3-512",
          "content" : "d39e348fa249075eecee78ce17d4be794d3dfd9d07ab9c9e90a5981139836318d48d3c46146ec197e561869d7af19ae36de9b172272f878242c97a02f68620ee"
        }
      ],
      "licenses" : [
        {
          "license" : {
            "id" : "Apache-2.0",
            "url" : "https://www.apache.org/licenses/LICENSE-2.0"
          }
        }
      ],
      "purl" : "pkg:maven/org.apache.logging.log4j/log4j-to-slf4j@2.24.3?type=jar",
      "externalReferences" : [
        {
          "type" : "website",
          "url" : "https://logging.apache.org/log4j/2.x/log4j/log4j-to-slf4j/"
        },
        {
          "type" : "build-system",
          "url" : "https://github.com/apache/logging-log4j2/actions"
        },
        {
          "type" : "distribution",
          "url" : "https://logging.apache.org/download.html"
        },
        {
          "type" : "distribution-intake",
          "url" : "https://repository.apache.org/service/local/staging/deploy/maven2"
        },
        {
          "type" : "issue-tracker",
          "url" : "https://github.com/apache/logging-log4j2/issues"
        },
        {
          "type" : "mailing-list",
          "url" : "https://lists.apache.org/list.html?log4j-user@logging.apache.org"
        },
        {
          "type" : "vcs",
          "url" : "https://github.com/apache/logging-log4j2"
        }
      ]
    },
    {
      "type" : "library",
      "bom-ref" : "pkg:maven/org.apache.logging.log4j/log4j-api@2.24.3?type=jar",
      "publisher" : "The Apache Software Foundation",
      "group" : "org.apache.logging.log4j",
      "name" : "log4j-api",
      "version" : "2.24.3",
      "description" : "The logging API of the Log4j project. Library and application code can log through this API. It contains a simple built-in implementation (`SimpleLogger`) for trivial use cases. Production applications are recommended to use Log4j API in combination with a fully-fledged implementation, such as Log4j Core.",
      "scope" : "required",
      "hashes" : [
        {
          "alg" : "MD5",
          "content" : "d89516699543c5c21be87ee1760695f3"
        },
        {
          "alg" : "SHA-1",
          "content" : "b02c125db8b6d295adf72ae6e71af5d83bce2370"
        },
        {
          "alg" : "SHA-256",
          "content" : "5b4a0a0cd0e751ded431c162442bdbdd53328d1f8bb2bae5fc1bbeee0f66d80f"
        },
        {
          "alg" : "SHA-512",
          "content" : "d936ac37b3d7ca2e4370ef122629c5ceb0bef60a6c08a3bd8bb278204dbed84bb888aaa307c58e80e4e9d645b73792433f52adcccd30378fbac99b1d271042f7"
        },
        {
          "alg" : "SHA-384",
          "content" : "d376ab3673186a1a39ea8b3d3c8359bb16dbb3f5d3782c182a112ab19b61d7730434c6d0f631d43d6daae66005d1df4e"
        },
        {
          "alg" : "SHA3-384",
          "content" : "7ee1b17a329d90bf648d05defced8d79f7bfbca66cc7e90aa2e1b2d7622697d535969e50d1a03460447eda2fa008f86c"
        },
        {
          "alg" : "SHA3-256",
          "content" : "5d2ad18a3352c3d7269ecb8d52d6a5ac8bf0d0d937e4809f5023a45d0f8f50f3"
        },
        {
          "alg" : "SHA3-512",
          "content" : "7e964e6425a1198e2568a9e8c326f730b7d139f71e8d3b1b440aa90860f136f443e5ebd62aa022c1c7834e23995ed0992f68dfb1760140d469b85fed84815ae1"
        }
      ],
      "licenses" : [
        {
          "license" : {
            "id" : "Apache-2.0",
            "url" : "https://www.apache.org/licenses/LICENSE-2.0"
          }
        }
      ],
      "purl" : "pkg:maven/org.apache.logging.log4j/log4j-api@2.24.3?type=jar",
      "externalReferences" : [
        {
          "type" : "website",
          "url" : "https://logging.apache.org/log4j/2.x/log4j/log4j-api/"
        },
        {
          "type" : "build-system",
          "url" : "https://github.com/apache/logging-log4j2/actions"
        },
        {
          "type" : "distribution",
          "url" : "https://logging.apache.org/download.html"
        },
        {
          "type" : "distribution-intake",
          "url" : "https://repository.apache.org/service/local/staging/deploy/maven2"
        },
        {
          "type" : "issue-tracker",
          "url" : "https://github.com/apache/logging-log4j2/issues"
        },
        {
          "type" : "mailing-list",
          "url" : "https://lists.apache.org/list.html?log4j-user@logging.apache.org"
        },
        {
          "type" : "vcs",
          "url" : "https://github.com/apache/logging-log4j2"
        }
      ]
    },
    {
      "type" : "library",
      "bom-ref" : "pkg:maven/org.slf4j/jul-to-slf4j@2.0.18?type=jar",
      "publisher" : "QOS.ch",
      "group" : "org.slf4j",
      "name" : "jul-to-slf4j",
      "version" : "2.0.18",
      "description" : "JUL to SLF4J bridge",
      "scope" : "required",
      "hashes" : [
        {
          "alg" : "MD5",
          "content" : "f339bf7648049b2105e180cab6c45c9d"
        },
        {
          "alg" : "SHA-1",
          "content" : "79739c98001d5c9d078d087d5a348ec9e474ec8f"
        },
        {
          "alg" : "SHA-256",
          "content" : "cbb7d1aaaa9e871eb1a06594abd911bf97027152976edf1edc315be75239204e"
        },
        {
          "alg" : "SHA-512",
          "content" : "fd6019636513f7b121d0321f0897667713e7d9a0d21f6d15c3b55d2bc804687c1d264ad3d79aa227e9712169e4d6b4d05d5d8746399e900c933ce330f1850569"
        },
        {
          "alg" : "SHA-384",
          "content" : "0d6d600cab9a960b2b5de8e8591fbba648c155f19c5d10d11eb4eee0572edd9670ed5a63197412bfeb9d58ce4a72259f"
        },
        {
          "alg" : "SHA3-384",
          "content" : "cedd50402de6b6f146b3f2b71a253a24a17b17eb7f632d555f287da572d8ee157dfd154169f3b3c9a2b2b917a2001f23"
        },
        {
          "alg" : "SHA3-256",
          "content" : "0c8f1bf469bbfda88c4a601408e40116eb8a27e89bb77f82f7feeee409d4b12e"
        },
        {
          "alg" : "SHA3-512",
          "content" : "0b25b9049a933eeadca90876ba1d499bf53779063846367870b5ef69c916b041354c33d256bdba9d4f87143d1e07dad9ec66fe502a9bba0858c23e9fca416066"
        }
      ],
      "licenses" : [
        {
          "license" : {
            "id" : "MIT",
            "url" : "https://opensource.org/license/mit/"
          }
        }
      ],
      "purl" : "pkg:maven/org.slf4j/jul-to-slf4j@2.0.18?type=jar",
      "externalReferences" : [
        {
          "type" : "website",
          "url" : "http://www.slf4j.org"
        },
        {
          "type" : "distribution-intake",
          "url" : "https://oss.sonatype.org/service/local/staging/deploy/maven2/"
        },
        {
          "type" : "vcs",
          "url" : "https://github.com/qos-ch/slf4j/slf4j-parent/jul-to-slf4j"
        }
      ]
    },
    {
      "type" : "library",
      "bom-ref" : "pkg:maven/jakarta.annotation/jakarta.annotation-api@2.1.1?type=jar",
      "publisher" : "Eclipse Foundation",
      "group" : "jakarta.annotation",
      "name" : "jakarta.annotation-api",
      "version" : "2.1.1",
      "description" : "Jakarta Annotations API",
      "scope" : "required",
      "hashes" : [
        {
          "alg" : "MD5",
          "content" : "5dac2f68e8288d0add4dc92cb161711d"
        },
        {
          "alg" : "SHA-1",
          "content" : "48b9bda22b091b1f48b13af03fe36db3be6e1ae3"
        },
        {
          "alg" : "SHA-256",
          "content" : "5f65fdaf424eee2b55e1d882ba9bb376be93fb09b37b808be6e22e8851c909fe"
        },
        {
          "alg" : "SHA-512",
          "content" : "eabe8b855b735663684052ec4cc357cc737936fa57cebf144eb09f70b3b6c600db7fa6f1c93a4f36c5994b1b37dad2dfcec87a41448872e69552accfd7f52af6"
        },
        {
          "alg" : "SHA-384",
          "content" : "798597a6b80b423844d70609c54b00d725a357031888da7e5c3efd3914d1770be69aa7135de13ddb89a4420a5550e35b"
        },
        {
          "alg" : "SHA3-384",
          "content" : "9629b8ca82f61674f5573723bbb3c137060e1442062eb52fa9c90fc8f57ea7d836eb2fb765d160ec8bf300bcb6b820be"
        },
        {
          "alg" : "SHA3-256",
          "content" : "f71ffc2a2c2bd1a00dfc00c4be67dbe5f374078bd50d5b24c0b29fbcc6634ecb"
        },
        {
          "alg" : "SHA3-512",
          "content" : "aa4e29025a55878db6edb0d984bd3a0633f3af03fa69e1d26c97c87c6d29339714003c96e29ff0a977132ce9c2729d0e27e36e9e245a7488266138239bdba15e"
        }
      ],
      "licenses" : [
        {
          "license" : {
            "id" : "EPL-2.0"
          }
        },
        {
          "license" : {
            "id" : "GPL-2.0-with-classpath-exception"
          }
        }
      ],
      "purl" : "pkg:maven/jakarta.annotation/jakarta.annotation-api@2.1.1?type=jar",
      "externalReferences" : [
        {
          "type" : "website",
          "url" : "https://projects.eclipse.org/projects/ee4j.ca"
        },
        {
          "type" : "distribution-intake",
          "url" : "https://jakarta.oss.sonatype.org/service/local/staging/deploy/maven2/"
        },
        {
          "type" : "issue-tracker",
          "url" : "https://github.com/eclipse-ee4j/common-annotations-api/issues"
        },
        {
          "type" : "mailing-list",
          "url" : "https://dev.eclipse.org/mhonarc/lists/ca-dev"
        },
        {
          "type" : "vcs",
          "url" : "https://github.com/eclipse-ee4j/common-annotations-api"
        }
      ]
    },
    {
      "type" : "library",
      "bom-ref" : "pkg:maven/org.springframework/spring-core@6.2.19?type=jar",
      "publisher" : "Spring IO",
      "group" : "org.springframework",
      "name" : "spring-core",
      "version" : "6.2.19",
      "description" : "Spring Core",
      "scope" : "required",
      "hashes" : [
        {
          "alg" : "MD5",
          "content" : "4afe3968028c2b743dbff2d79013e144"
        },
        {
          "alg" : "SHA-1",
          "content" : "691459d4644894dae8e5c2d9550a4cfb8302f62f"
        },
        {
          "alg" : "SHA-256",
          "content" : "52146689e71a911c92bac26677d73c692512a739893a57710cc233591756bff6"
        },
        {
          "alg" : "SHA-512",
          "content" : "3c0dbe0d1aa2ccfc0239c00bb25a1fd3e06504531e80839669ccdf6b862293b96d22962c6412bf1dc4486193a2777b24521b17f26366bfbd48912646ba5cab6f"
        },
        {
          "alg" : "SHA-384",
          "content" : "167f070500ee06d7ea4cec9a5f8991568d21ef35a911d64d3e3e07c77656f0d82c38b9061d75b4d9a925aecc1678626d"
        },
        {
          "alg" : "SHA3-384",
          "content" : "5d16340a5e86fa715acaf5fb18f79e553649cc8aa818684ad4d5be558bc4baf0c66d76be81ae2b1a107a20f00be3f93b"
        },
        {
          "alg" : "SHA3-256",
          "content" : "6032b214ce3c67670c0194893d57ee99a654c1138d9731d835343763cbfaf8aa"
        },
        {
          "alg" : "SHA3-512",
          "content" : "c8778e08ce785af841dbbc9c3d9085395e2f545515335a12bdd7973f5e85174c39cd54aef9aae6268f6136719f577d98a7d42b6316d61c16bc7254f130420418"
        }
      ],
      "licenses" : [
        {
          "license" : {
            "id" : "Apache-2.0"
          }
        }
      ],
      "purl" : "pkg:maven/org.springframework/spring-core@6.2.19?type=jar",
      "externalReferences" : [
        {
          "type" : "website",
          "url" : "https://github.com/spring-projects/spring-framework"
        },
        {
          "type" : "issue-tracker",
          "url" : "https://github.com/spring-projects/spring-framework/issues"
        },
        {
          "type" : "vcs",
          "url" : "https://github.com/spring-projects/spring-framework"
        }
      ]
    },
    {
      "type" : "library",
      "bom-ref" : "pkg:maven/org.springframework/spring-jcl@6.2.19?type=jar",
      "publisher" : "Spring IO",
      "group" : "org.springframework",
      "name" : "spring-jcl",
      "version" : "6.2.19",
      "description" : "Spring Commons Logging Bridge",
      "scope" : "required",
      "hashes" : [
        {
          "alg" : "MD5",
          "content" : "cd5278839172f3b30b1e90bc70d9b864"
        },
        {
          "alg" : "SHA-1",
          "content" : "39b9c7d631961f3649511b08ef167420b086184b"
        },
        {
          "alg" : "SHA-256",
          "content" : "9994478bcea1423b8892d4eb0db942c94da0090167c3c684050c1eaef04491d0"
        },
        {
          "alg" : "SHA-512",
          "content" : "ff060a226efa41a9bb6f9c37c13361bb4f28ee7b26fec67bcbf49a666ae4f002ed88e9477775ee6fb7e04dafd28d5aab0b1dc6cee57701ed241e5d8d5e2d9b50"
        },
        {
          "alg" : "SHA-384",
          "content" : "099467f930615284aa8451d632250077a00fed42d8b4e179f8baf4dec991364aa88bb6785c6556a010d3152be8425671"
        },
        {
          "alg" : "SHA3-384",
          "content" : "86f4b46434adb4c3746944533adec96c1d00b97c123df85f05b0351f2fc7a6ea406e890a8b2869b582d604ea02ef1c1d"
        },
        {
          "alg" : "SHA3-256",
          "content" : "219ad93976452150c1e04de74facd390cebb29ad3036a85485fcbe718ac6b221"
        },
        {
          "alg" : "SHA3-512",
          "content" : "22cf439975e880c766717c1bc806c9ade97492f3be8be926083d6552c15aa311e1227cf77af951b38397c1268ddbd017240a690f403d1de5ad149265635980ac"
        }
      ],
      "licenses" : [
        {
          "license" : {
            "id" : "Apache-2.0"
          }
        }
      ],
      "purl" : "pkg:maven/org.springframework/spring-jcl@6.2.19?type=jar",
      "externalReferences" : [
        {
          "type" : "website",
          "url" : "https://github.com/spring-projects/spring-framework"
        },
        {
          "type" : "issue-tracker",
          "url" : "https://github.com/spring-projects/spring-framework/issues"
        },
        {
          "type" : "vcs",
          "url" : "https://github.com/spring-projects/spring-framework"
        }
      ]
    },
    {
      "type" : "library",
      "bom-ref" : "pkg:maven/org.yaml/snakeyaml@2.4?type=jar",
      "group" : "org.yaml",
      "name" : "snakeyaml",
      "version" : "2.4",
      "description" : "YAML 1.1 parser and emitter for Java",
      "scope" : "required",
      "hashes" : [
        {
          "alg" : "MD5",
          "content" : "29410ee3a987e3bff7b847933c591972"
        },
        {
          "alg" : "SHA-1",
          "content" : "e0666b825b796f85521f02360e77f4c92c5a7a07"
        },
        {
          "alg" : "SHA-256",
          "content" : "ef779af5d29a9dde8cc70ce0341f5c6f7735e23edff9685ceaa9d35359b7bb7f"
        },
        {
          "alg" : "SHA-512",
          "content" : "1573717e2c47868515cbed5265a6f77ebec23a0b5c6376ac18b9f5c2335beb65d4c68d2073d50143d59a60141980be8db1e493a85d7c78106cdb94a52e8361d2"
        },
        {
          "alg" : "SHA-384",
          "content" : "d53aa94bc612897f76bb456d0aca4a5edf029fdda00f628a6953072033236877b4138206a2ff23bd802217f667531211"
        },
        {
          "alg" : "SHA3-384",
          "content" : "deb4d1b236697d6bc9b2b05c65c8f741e7c1d7c9984d1900cc68c3bac5fa24d6443682d91f8b91818953f029228a06fd"
        },
        {
          "alg" : "SHA3-256",
          "content" : "90b378b7280540ec9f57d60ec9154be01a73e80cecb13580338a8f3dd1098216"
        },
        {
          "alg" : "SHA3-512",
          "content" : "c6927f9b923f055336a44c4025251e2f8c8eec52c816506874ada97999ccae0b435c8014f219ea310065862f822be09e4d22bf88a967b5ac76a149a74b123965"
        }
      ],
      "licenses" : [
        {
          "license" : {
            "id" : "Apache-2.0"
          }
        }
      ],
      "purl" : "pkg:maven/org.yaml/snakeyaml@2.4?type=jar",
      "externalReferences" : [
        {
          "type" : "website",
          "url" : "https://bitbucket.org/snakeyaml/snakeyaml"
        },
        {
          "type" : "distribution-intake",
          "url" : "https://oss.sonatype.org/service/local/staging/deploy/maven2/"
        },
        {
          "type" : "issue-tracker",
          "url" : "https://bitbucket.org/snakeyaml/snakeyaml/issues"
        },
        {
          "type" : "vcs",
          "url" : "https://bitbucket.org/snakeyaml/snakeyaml/src"
        }
      ]
    },
    {
      "type" : "library",
      "bom-ref" : "pkg:maven/org.springframework.boot/spring-boot-starter-test@3.5.16?type=jar",
      "publisher" : "VMware, Inc.",
      "group" : "org.springframework.boot",
      "name" : "spring-boot-starter-test",
      "version" : "3.5.16",
      "description" : "Starter for testing Spring Boot applications with libraries including JUnit Jupiter, Hamcrest and Mockito",
      "scope" : "required",
      "hashes" : [
        {
          "alg" : "MD5",
          "content" : "471ceb7786491032144f9bdc3f1f24b5"
        },
        {
          "alg" : "SHA-1",
          "content" : "8e42ec906ab5f761f36f022e9e5a2d55808a697c"
        },
        {
          "alg" : "SHA-256",
          "content" : "b71dbd8ff355aa339166ba47ff5c6c31c65ba6985f31480d6d312ee204b0f860"
        },
        {
          "alg" : "SHA-512",
          "content" : "9b737b7a2f4cde22c959ae55266496ea483374745832aefac984f5b71a0d5a6b95685ac6d2bcdd364b488f5239a36e428f5a8e888f8bdad84a491dd5fd843e1d"
        },
        {
          "alg" : "SHA-384",
          "content" : "e329d29f824899f8ccaaa4b668998f462c082b1795bcbbbd2f12b16ae5a01b314f983d0b1794c297ac05c1f87ed6c11e"
        },
        {
          "alg" : "SHA3-384",
          "content" : "3d38c79082b8ffdc1f48b6b858dbbb4ca7e69f3ca127234763b6581be9eb4bea2a7f93efb506f82952edef669bbba5a7"
        },
        {
          "alg" : "SHA3-256",
          "content" : "6cf8a33b81f6d2f92f01bf66a47ba3ca55cb2eb3c7f76c9b5ccecc8ad325848e"
        },
        {
          "alg" : "SHA3-512",
          "content" : "38b642e8a64da65e64d1d5be1537e1ec083104aaca79585b402a50fa58a3895465e338d465cd004415f12dad2f1d73ae8ca93a44685a1913982f347ec834ac83"
        }
      ],
      "licenses" : [
        {
          "license" : {
            "id" : "Apache-2.0"
          }
        }
      ],
      "purl" : "pkg:maven/org.springframework.boot/spring-boot-starter-test@3.5.16?type=jar",
      "externalReferences" : [
        {
          "type" : "website",
          "url" : "https://spring.io/projects/spring-boot"
        },
        {
          "type" : "issue-tracker",
          "url" : "https://github.com/spring-projects/spring-boot/issues"
        },
        {
          "type" : "vcs",
          "url" : "https://github.com/spring-projects/spring-boot"
        }
      ]
    },
    {
      "type" : "library",
      "bom-ref" : "pkg:maven/org.springframework.boot/spring-boot-test@3.5.16?type=jar",
      "publisher" : "VMware, Inc.",
      "group" : "org.springframework.boot",
      "name" : "spring-boot-test",
      "version" : "3.5.16",
      "description" : "Spring Boot Test",
      "scope" : "required",
      "hashes" : [
        {
          "alg" : "MD5",
          "content" : "02339cceee01c3d416e78352a73cf89f"
        },
        {
          "alg" : "SHA-1",
          "content" : "8ba199b3589d5ebb305630e77e722d3d625a00b8"
        },
        {
          "alg" : "SHA-256",
          "content" : "391c6e3aebd499c727016f4c27c9fbf0d35ca0216686bc1be779752b5c5ae9f3"
        },
        {
          "alg" : "SHA-512",
          "content" : "13be52ca9ca3d589bfd94822ba0cf70846f185e17066763ae51695005d83a85021f05735bceba9de26c1fe76f1a4c058f412f82d072d1ce24f59c19a2ace663e"
        },
        {
          "alg" : "SHA-384",
          "content" : "8e0f25bd470897d272f0c990607b2512083a8ef02eca7a548748e09f273f667bb727169f336d3ac1e2792c9c2de4bb90"
        },
        {
          "alg" : "SHA3-384",
          "content" : "6d224f995163076843aa8ea811ad3b1b3aefb765e4b5d299fb365ea1aed206687b698bb8b4b6d8f3acccae11a57c65b2"
        },
        {
          "alg" : "SHA3-256",
          "content" : "44cbfed2efa0d624af912183eeaea3ba61f604d89ae06eadb570c43260c39785"
        },
        {
          "alg" : "SHA3-512",
          "content" : "add9107346f4ad4b9bdf3538d41041672b1e3a345a7f2dfce521bdd6f5f4b1ca8b59f34ed3b20b292a3f6fd72dad0849e3f33bd97d3342f29f041308b5fc9af0"
        }
      ],
      "licenses" : [
        {
          "license" : {
            "id" : "Apache-2.0"
          }
        }
      ],
      "purl" : "pkg:maven/org.springframework.boot/spring-boot-test@3.5.16?type=jar",
      "externalReferences" : [
        {
          "type" : "website",
          "url" : "https://spring.io/projects/spring-boot"
        },
        {
          "type" : "issue-tracker",
          "url" : "https://github.com/spring-projects/spring-boot/issues"
        },
        {
          "type" : "vcs",
          "url" : "https://github.com/spring-projects/spring-boot"
        }
      ]
    },
    {
      "type" : "library",
      "bom-ref" : "pkg:maven/org.springframework.boot/spring-boot-test-autoconfigure@3.5.16?type=jar",
      "publisher" : "VMware, Inc.",
      "group" : "org.springframework.boot",
      "name" : "spring-boot-test-autoconfigure",
      "version" : "3.5.16",
      "description" : "Spring Boot Test AutoConfigure",
      "scope" : "required",
      "hashes" : [
        {
          "alg" : "MD5",
          "content" : "fdce8f04d0e2567175c15c7c5ef21d84"
        },
        {
          "alg" : "SHA-1",
          "content" : "f7877149c076384bc8238fbdce27104ef565ab7b"
        },
        {
          "alg" : "SHA-256",
          "content" : "ed451d7789f8b7c39d363e0673561218ac72927ef375979ef99ddff3b387db1f"
        },
        {
          "alg" : "SHA-512",
          "content" : "6e5705332e8caf204af32122c4f6852cecf880a6fa3868c43db493b59b9a3560dafd283bb2cce9531e107a9519f290115aa64d2b75ee9ef2e286406ab7d05bd1"
        },
        {
          "alg" : "SHA-384",
          "content" : "e8e15aeb039dfc6a42cd37cffb3d9e287286aa4d67e79af28c4dbb7310bab882ec9a2da131d1f82d0ec2d25ebd3b7a69"
        },
        {
          "alg" : "SHA3-384",
          "content" : "44ad538a6db2047e9a66bf98eb5ca01212387ceae8aa08a8d511dc1706794147872ae370d353b5c6f6c2a5a36fe208da"
        },
        {
          "alg" : "SHA3-256",
          "content" : "0d31649b22a088c20ed738b8798090b18385d7493e1850659b6ab8ce90156bfe"
        },
        {
          "alg" : "SHA3-512",
          "content" : "39135791c9ac791df38ba2dd34172cd859c9d73e72638dcb6df73a90ca15ac0055ea8e05c61f7ac871d920140df3459341f966d7441af63822e8b2be01aca87a"
        }
      ],
      "licenses" : [
        {
          "license" : {
            "id" : "Apache-2.0"
          }
        }
      ],
      "purl" : "pkg:maven/org.springframework.boot/spring-boot-test-autoconfigure@3.5.16?type=jar",
      "externalReferences" : [
        {
          "type" : "website",
          "url" : "https://spring.io/projects/spring-boot"
        },
        {
          "type" : "issue-tracker",
          "url" : "https://github.com/spring-projects/spring-boot/issues"
        },
        {
          "type" : "vcs",
          "url" : "https://github.com/spring-projects/spring-boot"
        }
      ]
    },
    {
      "type" : "library",
      "bom-ref" : "pkg:maven/com.jayway.jsonpath/json-path@2.9.0?type=jar",
      "group" : "com.jayway.jsonpath",
      "name" : "json-path",
      "version" : "2.9.0",
      "description" : "A library to query and verify JSON",
      "scope" : "required",
      "hashes" : [
        {
          "alg" : "MD5",
          "content" : "e89678d2e4ff45e4f39a97ccd0223719"
        },
        {
          "alg" : "SHA-1",
          "content" : "37fe2217f577b0b68b18e62c4d17a8858ecf9b69"
        },
        {
          "alg" : "SHA-256",
          "content" : "11a9ee6f88bb31f1450108d1cf6441377dec84aca075eb6bb2343be157575bea"
        },
        {
          "alg" : "SHA-512",
          "content" : "9a9dbb2cd36662c8049419ed891290602baeca2549eb7df62122cb20c91e66bc8c2c0e5e13199c4a70bf0b6e62ea4c2601f84e4c79d2af25ff1704481c86740a"
        },
        {
          "alg" : "SHA-384",
          "content" : "e9a54630e2111078c8c77807d9f4433e2f459fb6c41c4afa8c2a3152b62c240ea9be1614022a6a99d5aea8c61865ecfb"
        },
        {
          "alg" : "SHA3-384",
          "content" : "64286f27125cd6fcc3a16c0b4be106686aef7744ae103bd2160ccca622547653b9fb44e10bc6d510d16b875c95806a10"
        },
        {
          "alg" : "SHA3-256",
          "content" : "96e06e77b263cd1a3adb8d9c6fa666d11eebab616c4a7fb2ef7f370039a0a4ea"
        },
        {
          "alg" : "SHA3-512",
          "content" : "10bda57556f6ef77669f9c99fda226ff5060d3c1511e561d9e7a49fc2a534b90bc4101ab0e4ef0b420fe43f71083bba1b64ba606348e87459a6183f1d3f7e3df"
        }
      ],
      "licenses" : [
        {
          "license" : {
            "id" : "Apache-2.0"
          }
        }
      ],
      "purl" : "pkg:maven/com.jayway.jsonpath/json-path@2.9.0?type=jar",
      "externalReferences" : [
        {
          "type" : "website",
          "url" : "https://github.com/jayway/JsonPath"
        },
        {
          "type" : "vcs",
          "url" : "scm:git:git://github.com/jayway/JsonPath.git"
        }
      ]
    },
    {
      "type" : "library",
      "bom-ref" : "pkg:maven/org.slf4j/slf4j-api@2.0.18?type=jar",
      "publisher" : "QOS.ch",
      "group" : "org.slf4j",
      "name" : "slf4j-api",
      "version" : "2.0.18",
      "description" : "The slf4j API",
      "scope" : "required",
      "hashes" : [
        {
          "alg" : "MD5",
          "content" : "fe2837bd49bfb76657419002fed20ca9"
        },
        {
          "alg" : "SHA-1",
          "content" : "78a9e7a37cd6360e0b818e86341b24123d28d4df"
        },
        {
          "alg" : "SHA-256",
          "content" : "44508fd1576500688c790b190acdd16fec4f8c79a3e0b900afd70503cf055f55"
        },
        {
          "alg" : "SHA-512",
          "content" : "539288fa0c96cea750d11293dbed4c562630587aa7cd88bbf76ad04390d1c40636506da48faa6453090c7e9baa6b690b9fbded55a7e2b4a91547eeea011f971a"
        },
        {
          "alg" : "SHA-384",
          "content" : "917885c7812289f5178f68e3c421153d55abd7fe5cc9a071ffdc5de48b7afc79c352c667a20a3ad0f3b4660952932513"
        },
        {
          "alg" : "SHA3-384",
          "content" : "d6898eb5dd2e5caa2185c6cd2804735802b3848a3041b82ef7faa7904b3eaf5ac382d43a70a71e22b77a929e10ae2aaf"
        },
        {
          "alg" : "SHA3-256",
          "content" : "6bbc9103bec05ef3280dd895d8c6267ccf8b940df03c9f5145cfaa77f6e9a41a"
        },
        {
          "alg" : "SHA3-512",
          "content" : "e2913e96e4b1c94e7cb5c46828d1afe68c5a7248293d5c16aaa9ab462ee8e0ff97dd3d1155d2a64f66ccd9bc1ac0c83476cc886b675004b2f84aaaf50e2b2af2"
        }
      ],
      "licenses" : [
        {
          "license" : {
            "id" : "MIT",
            "url" : "https://opensource.org/license/mit/"
          }
        }
      ],
      "purl" : "pkg:maven/org.slf4j/slf4j-api@2.0.18?type=jar",
      "externalReferences" : [
        {
          "type" : "website",
          "url" : "http://www.slf4j.org"
        },
        {
          "type" : "distribution-intake",
          "url" : "https://oss.sonatype.org/service/local/staging/deploy/maven2/"
        },
        {
          "type" : "vcs",
          "url" : "https://github.com/qos-ch/slf4j/slf4j-parent/slf4j-api"
        }
      ]
    },
    {
      "type" : "library",
      "bom-ref" : "pkg:maven/jakarta.xml.bind/jakarta.xml.bind-api@4.0.5?type=jar",
      "publisher" : "Eclipse Foundation",
      "group" : "jakarta.xml.bind",
      "name" : "jakarta.xml.bind-api",
      "version" : "4.0.5",
      "description" : "Jakarta XML Binding API",
      "scope" : "required",
      "hashes" : [
        {
          "alg" : "MD5",
          "content" : "935053b2c792f34c7ea3a238ea96f3ac"
        },
        {
          "alg" : "SHA-1",
          "content" : "161811f36cad3c65991502e80317f2f6703361df"
        },
        {
          "alg" : "SHA-256",
          "content" : "5e489b6c874c4119e003ff1403db523ee3a8959ec499f3de29e77245efccf216"
        },
        {
          "alg" : "SHA-512",
          "content" : "3f3e522bd716ab6842ba2eed8bd44fc7d859ca5a3798e5adf2447eabde1c5d3b74b6f58d217d6cd772cbb034e4f003d9f9e10fafa15f4e108ea802548d1e5044"
        },
        {
          "alg" : "SHA-384",
          "content" : "0030a82d345127efdf52273c7ed5939deb67163821d73ba6050f51d5b6d918539c43a8c1e04594afce16e0b47b4576aa"
        },
        {
          "alg" : "SHA3-384",
          "content" : "9161e41f583009e64c236660b561acb1c04e3f46adde5383cb0006a31a71884c6580548ba583530460d04801507447a9"
        },
        {
          "alg" : "SHA3-256",
          "content" : "f5490e1ab440817067b53e3c381c7d6eb4fa86d8eeed297f89ae1b7e5f31424a"
        },
        {
          "alg" : "SHA3-512",
          "content" : "4f4d18ab8edf47e5debf05fdd52f92f2d18d4089e7d705300830be0964bba93c6ff810e308bad2f5e4875e5588cab171221027c4704315388ca4668b195d25eb"
        }
      ],
      "licenses" : [
        {
          "license" : {
            "id" : "BSD-3-Clause"
          }
        }
      ],
      "purl" : "pkg:maven/jakarta.xml.bind/jakarta.xml.bind-api@4.0.5?type=jar",
      "externalReferences" : [
        {
          "type" : "website",
          "url" : "https://github.com/jakartaee/jaxb-api/jakarta.xml.bind-api"
        },
        {
          "type" : "distribution-intake",
          "url" : "https://jakarta.oss.sonatype.org/service/local/staging/deploy/maven2/"
        },
        {
          "type" : "issue-tracker",
          "url" : "https://github.com/jakartaee/jaxb-api/issues"
        },
        {
          "type" : "mailing-list",
          "url" : "https://dev.eclipse.org/mhonarc/lists/jaxb-dev"
        },
        {
          "type" : "vcs",
          "url" : "https://github.com/jakartaee/jaxb-api.git/jakarta.xml.bind-api"
        }
      ]
    },
    {
      "type" : "library",
      "bom-ref" : "pkg:maven/jakarta.activation/jakarta.activation-api@2.1.4?type=jar",
      "publisher" : "Eclipse Foundation",
      "group" : "jakarta.activation",
      "name" : "jakarta.activation-api",
      "version" : "2.1.4",
      "description" : "Jakarta Activation API 2.1 Specification",
      "scope" : "required",
      "hashes" : [
        {
          "alg" : "MD5",
          "content" : "bc1602eee7bc61a0b86f14bbbb0cc794"
        },
        {
          "alg" : "SHA-1",
          "content" : "9e5c2a0d75dde71a0bedc4dbdbe47b78a5dc50f8"
        },
        {
          "alg" : "SHA-256",
          "content" : "c9db52100ce6c8aac95cc39075f95720d2e561b11f8051b81c121ad4effd7004"
        },
        {
          "alg" : "SHA-512",
          "content" : "cd078772acb5ebf1f90f7c737f372b7e86a5ce31b995ed759526a9eee73fd89f97e506f9a208ba3b73e757cb78830b829733411cf7989680aea2272abba7323b"
        },
        {
          "alg" : "SHA-384",
          "content" : "0b9a413939a024f562c15e60b11f85c336620987441fb053645499704960464d01ae83e9989b43ae6cd4f2164eb0cebe"
        },
        {
          "alg" : "SHA3-384",
          "content" : "d2fa51a3e18ced20f097ae019982cbd945942103df59327f319c64eeef1c109d6262d1de332fa2b6dfde41c98a9e7b2c"
        },
        {
          "alg" : "SHA3-256",
          "content" : "b259d17f48ae1f357a28b9c33b66fbcae50eaa86d61ac3c8cbc5184e7914d2d5"
        },
        {
          "alg" : "SHA3-512",
          "content" : "aae6a55fe1fa397b13b1bcb5a05ccc3e4e87049865233482dc09a8ab2af3eb128646394e3ef529609031e7c6c2215c91ffd27de06cd97ca9ae7e07bd4b9595bd"
        }
      ],
      "licenses" : [
        {
          "license" : {
            "id" : "BSD-3-Clause"
          }
        }
      ],
      "purl" : "pkg:maven/jakarta.activation/jakarta.activation-api@2.1.4?type=jar",
      "externalReferences" : [
        {
          "type" : "website",
          "url" : "https://github.com/jakartaee/jaf-api"
        },
        {
          "type" : "distribution-intake",
          "url" : "https://jakarta.oss.sonatype.org/service/local/staging/deploy/maven2/"
        },
        {
          "type" : "issue-tracker",
          "url" : "https://github.com/jakartaee/jaf-api/issues/"
        },
        {
          "type" : "mailing-list",
          "url" : "https://dev.eclipse.org/mhonarc/lists/jakarta.ee-community/"
        },
        {
          "type" : "vcs",
          "url" : "https://github.com/jakartaee/jaf-api"
        }
      ]
    },
    {
      "type" : "library",
      "bom-ref" : "pkg:maven/net.minidev/json-smart@2.5.2?type=jar",
      "publisher" : "Chemouni Uriel",
      "group" : "net.minidev",
      "name" : "json-smart",
      "version" : "2.5.2",
      "description" : "JSON (JavaScript Object Notation) is a lightweight data-interchange format. It is easy for humans to read and write. It is easy for machines to parse and generate. It is based on a subset of the JavaScript Programming Language, Standard ECMA-262 3rd Edition - December 1999. JSON is a text format that is completely language independent but uses conventions that are familiar to programmers of the C-family of languages, including C, C++, C#, Java, JavaScript, Perl, Python, and many others. These properties make JSON an ideal data-interchange language.",
      "scope" : "required",
      "hashes" : [
        {
          "alg" : "MD5",
          "content" : "e3ad34c55c0d2627255f79f4411c6bdd"
        },
        {
          "alg" : "SHA-1",
          "content" : "95d166b18f95907be0f46cdb9e1c0695eed03387"
        },
        {
          "alg" : "SHA-256",
          "content" : "4fbdedb0105cedc7f766b95c297d2e88fb6a560da48f3bbaa0cc538ea8b7bf71"
        },
        {
          "alg" : "SHA-512",
          "content" : "087931c6f254c7e54ff75b6e94983d062b62b68356a988a5ed276819bcb4fafbad2f0bbc363e16c8daa09ed8189241f08eff6e8e5f5f3ddc770b541d96fc8e2d"
        },
        {
          "alg" : "SHA-384",
          "content" : "25562d80d717cde53ae3c8049f14fb74a85c86ef14ece2e8136b604edbd3a67df8a46628dc36e6a07dcf5949d9ce1451"
        },
        {
          "alg" : "SHA3-384",
          "content" : "3aaa1b156a994fa858f7e46c1ebedebe9063e9afbd72c9ca886dd41f3c4ca8dcdd6dd457daa5ed167929d3741aed075c"
        },
        {
          "alg" : "SHA3-256",
          "content" : "e387c386e5f81247ea4add698626d06e8a2c2fe5768b7440a0fd6fb56ad99d75"
        },
        {
          "alg" : "SHA3-512",
          "content" : "aa2a4c9daa3bff63615ed483e9faa978b0131758c541a9591e6da8186af73d32f73a38e954272f2f0aa1606b38555f6471ea232eebc146a4fb83151bbae60484"
        }
      ],
      "licenses" : [
        {
          "license" : {
            "id" : "Apache-2.0"
          }
        }
      ],
      "purl" : "pkg:maven/net.minidev/json-smart@2.5.2?type=jar",
      "externalReferences" : [
        {
          "type" : "website",
          "url" : "https://urielch.github.io/"
        },
        {
          "type" : "distribution-intake",
          "url" : "https://s01.oss.sonatype.org/service/local/staging/deploy/maven2/"
        },
        {
          "type" : "vcs",
          "url" : "https://github.com/netplex/json-smart-v2"
        }
      ]
    },
    {
      "type" : "library",
      "bom-ref" : "pkg:maven/net.minidev/accessors-smart@2.5.2?type=jar",
      "publisher" : "Chemouni Uriel",
      "group" : "net.minidev",
      "name" : "accessors-smart",
      "version" : "2.5.2",
      "description" : "Java reflect give poor performance on getter setter an constructor calls, accessors-smart use ASM to speed up those calls.",
      "scope" : "required",
      "hashes" : [
        {
          "alg" : "MD5",
          "content" : "24191e0bb215c72902e89f46dde839e1"
        },
        {
          "alg" : "SHA-1",
          "content" : "ce16fd235cfee48e67eda33e684423bba09f7d07"
        },
        {
          "alg" : "SHA-256",
          "content" : "9b8a7bc43861d6156c021166d941fb7dddbe4463e2fa5ee88077e4b01452a836"
        },
        {
          "alg" : "SHA-512",
          "content" : "3bbd29761622714ac61dbe02b8351188573f819bdabfb4025196a3f1561bfe52cc308af9208184f7339c66988e7f8ad323c5cd7b0fa8463321b6bb03e4a9181e"
        },
        {
          "alg" : "SHA-384",
          "content" : "9640df1f3b1bc02ca025e990776727ca3265de08db88e9d08072567e08cb4c1083e8a1644f053caeb4f21fdd2e48ec4b"
        },
        {
          "alg" : "SHA3-384",
          "content" : "90e220e6dfb5c39a208c3395aa525de2a59ff4525de57a5a496d683be3fc0c58f8ce38411e875434aa3042394dc46e24"
        },
        {
          "alg" : "SHA3-256",
          "content" : "fa935f2190565214b4fce84be12d4f9b052e9bbf5b1116fa82bcc7f9d7f4c301"
        },
        {
          "alg" : "SHA3-512",
          "content" : "da0fe2eb9ce26fd44decb2d735fb04597b31225e9c6b76b4678db29ec48292fccc9fcbcc72c5f3b7854aeef9d797da2016b61dd86802c07e1c6f6e4afea872ad"
        }
      ],
      "licenses" : [
        {
          "license" : {
            "id" : "Apache-2.0"
          }
        }
      ],
      "purl" : "pkg:maven/net.minidev/accessors-smart@2.5.2?type=jar",
      "externalReferences" : [
        {
          "type" : "website",
          "url" : "https://urielch.github.io/"
        },
        {
          "type" : "distribution-intake",
          "url" : "https://s01.oss.sonatype.org/service/local/staging/deploy/maven2/"
        },
        {
          "type" : "vcs",
          "url" : "https://github.com/netplex/json-smart-v2"
        }
      ]
    },
    {
      "type" : "library",
      "bom-ref" : "pkg:maven/org.ow2.asm/asm@9.7.1?type=jar",
      "publisher" : "OW2",
      "group" : "org.ow2.asm",
      "name" : "asm",
      "version" : "9.7.1",
      "description" : "ASM, a very small and fast Java bytecode manipulation framework",
      "scope" : "required",
      "hashes" : [
        {
          "alg" : "MD5",
          "content" : "e2cdd32d198ad31427d298eee9d39d8d"
        },
        {
          "alg" : "SHA-1",
          "content" : "f0ed132a49244b042cd0e15702ab9f2ce3cc8436"
        },
        {
          "alg" : "SHA-256",
          "content" : "8cadd43ac5eb6d09de05faecca38b917a040bb9139c7edeb4cc81c740b713281"
        },
        {
          "alg" : "SHA-512",
          "content" : "4767b01603dad5c79cc1e2b5f3722f72b1059d928f184f446ba11badeb1b381b3a3a9a801cc43d25d396df950b09d19597c73173c411b1da890de808b94f1f50"
        },
        {
          "alg" : "SHA-384",
          "content" : "166e2be10a19ca6a6d7cadb542eb1c948562483f02557b467a50a3d19d01318e12e5c3b495c482f3f5369be1b7f20eed"
        },
        {
          "alg" : "SHA3-384",
          "content" : "e301862376e84df61c3547dbf637252750224fb5b74feb82f20e1527a8e3152c45f620192a9111a2db5e2f0e73ebd7ca"
        },
        {
          "alg" : "SHA3-256",
          "content" : "7edcc4ff09b3ace15091a8c550f552a324b5cee6c1527944db5823df7eba8d64"
        },
        {
          "alg" : "SHA3-512",
          "content" : "9d220edc5528e4d788605721490f3d29483dd4bd506765e85d781048419aa89b686a70e316b82ef2a856ead56bb7be6b5d52d77b7ca6f27d5e0e347e9669d731"
        }
      ],
      "licenses" : [
        {
          "license" : {
            "id" : "BSD-3-Clause",
            "url" : "https://opensource.org/licenses/BSD-3-Clause"
          }
        }
      ],
      "purl" : "pkg:maven/org.ow2.asm/asm@9.7.1?type=jar",
      "externalReferences" : [
        {
          "type" : "website",
          "url" : "http://asm.ow2.io/"
        },
        {
          "type" : "distribution-intake",
          "url" : "https://repository.ow2.org/nexus/service/local/staging/deploy/maven2"
        },
        {
          "type" : "issue-tracker",
          "url" : "https://gitlab.ow2.org/asm/asm/issues"
        },
        {
          "type" : "mailing-list",
          "url" : "https://mail.ow2.org/wws/arc/asm/"
        },
        {
          "type" : "vcs",
          "url" : "https://gitlab.ow2.org/asm/asm/"
        }
      ]
    },
    {
      "type" : "library",
      "bom-ref" : "pkg:maven/org.assertj/assertj-core@3.27.7?type=jar",
      "group" : "org.assertj",
      "name" : "assertj-core",
      "version" : "3.27.7",
      "description" : "Rich and fluent assertions for testing in Java",
      "scope" : "required",
      "hashes" : [
        {
          "alg" : "MD5",
          "content" : "9c893dc59af35a8beceb4166ad0602dc"
        },
        {
          "alg" : "SHA-1",
          "content" : "2f4f64f054c9d618d4b1d89e7611559f5e2cfff7"
        },
        {
          "alg" : "SHA-256",
          "content" : "c4a445426c3c2861666863b842cc4ec7bbb1c4226fefd370b6d2fe83d6c4ff0f"
        },
        {
          "alg" : "SHA-512",
          "content" : "adde16df9fd0b61d9b8cf4c28740b93a58d411300043258c594612d59e76321a42406f7847f5643baad8bddf08fb8b6ac6d6554c36739e8b1fa6ce35456f9d19"
        },
        {
          "alg" : "SHA-384",
          "content" : "7da0353046fa08a2055c28f06bc7592cd97ae133aa633a0937d182d92c3d7372cf6617f5dbf2ed3dcedad260077bc278"
        },
        {
          "alg" : "SHA3-384",
          "content" : "8a992027bbe840a2098e08e56561344c2efdcaa4c1f39f70319a32e6b9bff1399c54a7f79f1f44b517929618de58a61d"
        },
        {
          "alg" : "SHA3-256",
          "content" : "7b6f61a1dc618e07669b4510cc74c313a0aaa549c21f8787e909a903f6d6c90a"
        },
        {
          "alg" : "SHA3-512",
          "content" : "c7d81d4037c39329fd29569115b77c20f38aa9a35c76ce631229c54f8f09428f5c1cb413bbc78e3cc1e09beb274016465ddd06b8e8c58c1ac9e8fb2d2f263676"
        }
      ],
      "licenses" : [
        {
          "license" : {
            "id" : "Apache-2.0",
            "url" : "https://www.apache.org/licenses/LICENSE-2.0"
          }
        }
      ],
      "purl" : "pkg:maven/org.assertj/assertj-core@3.27.7?type=jar",
      "externalReferences" : [
        {
          "type" : "website",
          "url" : "https://assertj.github.io/doc/#assertj-core"
        },
        {
          "type" : "vcs",
          "url" : "https://github.com/assertj/assertj/assertj-parent/assertj-core"
        }
      ]
    },
    {
      "type" : "library",
      "bom-ref" : "pkg:maven/net.bytebuddy/byte-buddy@1.17.8?type=jar",
      "group" : "net.bytebuddy",
      "name" : "byte-buddy",
      "version" : "1.17.8",
      "description" : "Byte Buddy is a Java library for creating Java classes at run time. This artifact is a build of Byte Buddy with all ASM dependencies repackaged into its own name space.",
      "scope" : "required",
      "hashes" : [
        {
          "alg" : "MD5",
          "content" : "ac7292226046cb7206b349e21affecfe"
        },
        {
          "alg" : "SHA-1",
          "content" : "af5735f63d00ca47a9375fae5c7471a36331c6ed"
        },
        {
          "alg" : "SHA-256",
          "content" : "2b5ddc8c1f4234bdb7cb45338a8e10a13e0e3ca473e91d5d821d681127ea8ba1"
        },
        {
          "alg" : "SHA-512",
          "content" : "dd7f3f6aaf3dbf9df763e558706c82ad05add934d57e4872603da20fe8ba29647411b2456ec33c5cf07cf9d11e53f41aedbcb0ea4ca140c42ca632891cd826bf"
        },
        {
          "alg" : "SHA-384",
          "content" : "f9f2fd06b5212e410d6ee3ceae21e72c5c2a420554c15c4717bc2bc69f448478c1d77652bb3d6fd8886f1322c697f11a"
        },
        {
          "alg" : "SHA3-384",
          "content" : "cc840064463bbfcd644413be5f6331782bf219df0f22268daa8c684825a1199f6d2397557fe5fdaec8693d2df769e58a"
        },
        {
          "alg" : "SHA3-256",
          "content" : "7cb80c352ed2f8adfdedf3c2479aaf44870dac2881fa55aa98cbf3e96d9017a3"
        },
        {
          "alg" : "SHA3-512",
          "content" : "6d8451a646e76cc368c4e4481ae063b5de76c9e90550378616dea9ecd42eb8956678bf0e9c6443b87a411fa8789c04c2364c5482e953072231d172107f041efa"
        }
      ],
      "licenses" : [
        {
          "license" : {
            "id" : "Apache-2.0"
          }
        }
      ],
      "purl" : "pkg:maven/net.bytebuddy/byte-buddy@1.17.8?type=jar",
      "externalReferences" : [
        {
          "type" : "website",
          "url" : "https://bytebuddy.net/byte-buddy"
        },
        {
          "type" : "issue-tracker",
          "url" : "https://github.com/raphw/byte-buddy/issues"
        }
      ]
    },
    {
      "type" : "library",
      "bom-ref" : "pkg:maven/org.awaitility/awaitility@4.2.2?type=jar",
      "group" : "org.awaitility",
      "name" : "awaitility",
      "version" : "4.2.2",
      "description" : "A Java DSL for synchronizing asynchronous operations",
      "scope" : "required",
      "hashes" : [
        {
          "alg" : "MD5",
          "content" : "04ec00a85d39fffdfed9e5df1120adf4"
        },
        {
          "alg" : "SHA-1",
          "content" : "7336242073ebf83fe034e42b46a403c5501b63c9"
        },
        {
          "alg" : "SHA-256",
          "content" : "e831fee30ed401e2208f1bd5a0ef9add538d9cb1103c0e43216691b647bde9c6"
        },
        {
          "alg" : "SHA-512",
          "content" : "955f3a66ca975d7cedad4705b7c3685e6aff9fe13d3d1200a31c386fe6b598469330dc5af3be060a28e8cb0a0d80be684c2f2bf5bf24fa9669f6cd000b88919b"
        },
        {
          "alg" : "SHA-384",
          "content" : "692921d71668854a87291853940bf401a33af8d4ce2db9b99409f6baa4cf96724a22c5664f3ae232f6aa400d052479a4"
        },
        {
          "alg" : "SHA3-384",
          "content" : "be41e0682bad0641d12e73bf6ae7360a784b72e837489914f730fcd6b68c4ecedd34c1e472721cf579299667442200ca"
        },
        {
          "alg" : "SHA3-256",
          "content" : "8fe4e39c1e4f8c8378f8fad2b927d7adf96b5a9d343336821fd43fbac7058b2e"
        },
        {
          "alg" : "SHA3-512",
          "content" : "fb96325829f5e039b9d741aa28434198c77e2eea1c2eee69d61667309dda2bfd64da5cb5b74c56414aab0d4ba40124031b6ca0aa0cab55b9d896e9aae4312037"
        }
      ],
      "licenses" : [
        {
          "license" : {
            "id" : "Apache-2.0"
          }
        }
      ],
      "purl" : "pkg:maven/org.awaitility/awaitility@4.2.2?type=jar",
      "externalReferences" : [
        {
          "type" : "website",
          "url" : "http://awaitility.org"
        },
        {
          "type" : "distribution-intake",
          "url" : "https://oss.sonatype.org/service/local/staging/deploy/maven2/"
        },
        {
          "type" : "mailing-list",
          "url" : "http://groups.google.com/group/awaitility/topics"
        },
        {
          "type" : "vcs",
          "url" : "http://github.com/awaitility/awaitility/tree/master/awaitility"
        }
      ]
    },
    {
      "type" : "library",
      "bom-ref" : "pkg:maven/org.hamcrest/hamcrest@3.0?type=jar",
      "group" : "org.hamcrest",
      "name" : "hamcrest",
      "version" : "3.0",
      "description" : "Core API and libraries of hamcrest matcher framework.",
      "scope" : "required",
      "hashes" : [
        {
          "alg" : "MD5",
          "content" : "781023c38b054e9cf1c818c77895e1eb"
        },
        {
          "alg" : "SHA-1",
          "content" : "8fd9b78a8e6a6510a078a9e30e9e86a6035cfaf7"
        },
        {
          "alg" : "SHA-256",
          "content" : "5d66b6a4a680755cb6ed7cb104fa7835ef644667586ff0737adeb977c39ecdbc"
        },
        {
          "alg" : "SHA-512",
          "content" : "c09968882d8467d43576444b3fab868e175f0826e1d6e2015d1efec8934cdd5ffce8f285a7fc072306711ee0645dea92783a97a9e1dd8206e5e1de5de1ea8e7f"
        },
        {
          "alg" : "SHA-384",
          "content" : "370f5960e0d1fd7b7729597f9412a388a1fca27a3f097767a11129f6d4487fda27488cc57e5c36eacb476bac12cd93b9"
        },
        {
          "alg" : "SHA3-384",
          "content" : "129266ff10191f1fd60ee5dd386df52ec10fb8f03a2dd3ec723c4e8455a77934f128b2a560e6a3f3d54a5390527c3d9f"
        },
        {
          "alg" : "SHA3-256",
          "content" : "750ad10b01940ab4cf06316a16e7ea8ca3f20db603bd844c40edf0b3c0c693b3"
        },
        {
          "alg" : "SHA3-512",
          "content" : "54da4107c4172ae0602261da2517c13962b8c2fe391348becb87295a831109155d603bec42c411e975fe1fc8b35981f7811dbc7d9dd4a26829902e174f4be307"
        }
      ],
      "licenses" : [
        {
          "license" : {
            "id" : "BSD-3-Clause",
            "url" : "https://opensource.org/licenses/BSD-3-Clause"
          }
        }
      ],
      "purl" : "pkg:maven/org.hamcrest/hamcrest@3.0?type=jar",
      "externalReferences" : [
        {
          "type" : "website",
          "url" : "http://hamcrest.org/JavaHamcrest/"
        },
        {
          "type" : "vcs",
          "url" : "https://github.com/hamcrest/JavaHamcrest"
        }
      ]
    },
    {
      "type" : "library",
      "bom-ref" : "pkg:maven/org.junit.jupiter/junit-jupiter@5.12.2?type=jar",
      "group" : "org.junit.jupiter",
      "name" : "junit-jupiter",
      "version" : "5.12.2",
      "description" : "Module \"junit-jupiter\" of JUnit 5.",
      "scope" : "required",
      "hashes" : [
        {
          "alg" : "MD5",
          "content" : "bf452faa65d1b19dfd419d578c910c0f"
        },
        {
          "alg" : "SHA-1",
          "content" : "f681a870c8344c6556ee5378fdc7663788d704b2"
        },
        {
          "alg" : "SHA-256",
          "content" : "3cc7d6a515b2214f65364eb53af9d7bd8af919a3851743ae5c3ee5a6fe6ddc93"
        },
        {
          "alg" : "SHA-512",
          "content" : "d1ea7cdd697ff5ada1d5043b3c07000c52b2108d8b76658daaf98aa4a3735cbebb31cc407567e787bcfdb6ca590151864f157d2f37af78f6c4994703cdfab102"
        },
        {
          "alg" : "SHA-384",
          "content" : "6ae3d452b8661eac02c856e71b1641114a278359d39321a8ce12550281dbb859a1f9be0827faa4b44c4fc65f1b0851c6"
        },
        {
          "alg" : "SHA3-384",
          "content" : "3ce6aab00df78a00290ee95754de7369cbbde52d98ceaa6c945b7d40edef8193898d9f58ba1e17dc9de352d2e7ee57a9"
        },
        {
          "alg" : "SHA3-256",
          "content" : "bfe79eb6180ff628f234595dc7af7e4ebdbf703ead32b99e3b830282fe150970"
        },
        {
          "alg" : "SHA3-512",
          "content" : "dd0842bff4f034a784504151166bf7d52984e8892024c9d6e1fa2be217500bd8ed78801db3b7a0bdfc8a8a4c99f0e12782fb385dbb0922fd2a02d66013c23053"
        }
      ],
      "licenses" : [
        {
          "license" : {
            "id" : "EPL-2.0"
          }
        }
      ],
      "purl" : "pkg:maven/org.junit.jupiter/junit-jupiter@5.12.2?type=jar",
      "externalReferences" : [
        {
          "type" : "website",
          "url" : "https://junit.org/junit5/"
        },
        {
          "type" : "vcs",
          "url" : "https://github.com/junit-team/junit5"
        }
      ]
    },
    {
      "type" : "library",
      "bom-ref" : "pkg:maven/org.junit.jupiter/junit-jupiter-api@5.12.2?type=jar",
      "group" : "org.junit.jupiter",
      "name" : "junit-jupiter-api",
      "version" : "5.12.2",
      "description" : "Module \"junit-jupiter-api\" of JUnit 5.",
      "scope" : "required",
      "hashes" : [
        {
          "alg" : "MD5",
          "content" : "84e2f46256ba48ae77e47d4e05ba5e23"
        },
        {
          "alg" : "SHA-1",
          "content" : "f80a509a363adbd0f3c70c6fa31080636316f0a8"
        },
        {
          "alg" : "SHA-256",
          "content" : "688760755192d0f1624cfec458fe94da5a8804035d633e8e3997b3eb2b29e7a9"
        },
        {
          "alg" : "SHA-512",
          "content" : "28f9185ff390dab046ffce29bdc37c36b1d32119c699ba2b465e8a5978d269c4c000f3d3f3082319f30a25c63003ffb0b54a525a850701880fb66cb0a411702a"
        },
        {
          "alg" : "SHA-384",
          "content" : "3d49c2d5e482724c280fb881b166943beebaea26eb7509f82bc63bdd82e6c6986e03a32aa06e97025e8e20a4fe8fd06e"
        },
        {
          "alg" : "SHA3-384",
          "content" : "75b545543e5e4b96f87a1cbada455932e78090135e8279e8b374ae9ca4f52ce18c93147b01374c29d8f4808a761c007c"
        },
        {
          "alg" : "SHA3-256",
          "content" : "fb6f85f2f29de8abf0a0e37809779b400ad21405979b28b5f20462d6794852ed"
        },
        {
          "alg" : "SHA3-512",
          "content" : "fe028df090f64de2ddea71cff0f02cec6f13f69e0854ed264eaae7b60610628aa9c4fa90e802f7049e9a2639a3a024693d5afa73473ce7500da77b326682b612"
        }
      ],
      "licenses" : [
        {
          "license" : {
            "id" : "EPL-2.0"
          }
        }
      ],
      "purl" : "pkg:maven/org.junit.jupiter/junit-jupiter-api@5.12.2?type=jar",
      "externalReferences" : [
        {
          "type" : "website",
          "url" : "https://junit.org/junit5/"
        },
        {
          "type" : "vcs",
          "url" : "https://github.com/junit-team/junit5"
        }
      ]
    },
    {
      "type" : "library",
      "bom-ref" : "pkg:maven/org.opentest4j/opentest4j@1.3.0?type=jar",
      "group" : "org.opentest4j",
      "name" : "opentest4j",
      "version" : "1.3.0",
      "description" : "Open Test Alliance for the JVM",
      "scope" : "required",
      "hashes" : [
        {
          "alg" : "MD5",
          "content" : "03c404f727531f3fd3b4c73997899327"
        },
        {
          "alg" : "SHA-1",
          "content" : "152ea56b3a72f655d4fd677fc0ef2596c3dd5e6e"
        },
        {
          "alg" : "SHA-256",
          "content" : "48e2df636cab6563ced64dcdff8abb2355627cb236ef0bf37598682ddf742f1b"
        },
        {
          "alg" : "SHA-512",
          "content" : "78fc698a7871bb50305e3657893c10500595f043348d875f57bc39ca4a6a51eda3967b7c8c8a7ec3e8f85f2171bca4aa98823e912e416e87e81c6ba5b70a37c3"
        },
        {
          "alg" : "SHA-384",
          "content" : "10398b6998c9202a0731e2e19ae1c3f9d8a83582c2663fe7bdda15794ee6fa816727dbd8f7c7164bd5395ee1cfe7c97e"
        },
        {
          "alg" : "SHA3-384",
          "content" : "3abe706fd78509c25a402c7bbf6f9ddf71ffb5b35054864ba0fdf7902207115f888a0ba728fd71d2e87a9360d2498121"
        },
        {
          "alg" : "SHA3-256",
          "content" : "d961907a1bfa1dcda329dca494ffbc251b31fabcaca5ab7095661a8ce3c1d654"
        },
        {
          "alg" : "SHA3-512",
          "content" : "0ad661617bcac51bcd26f7ad4611c69b1fd9811b50dbf734e041a3243ab1f845e7796620e8a7c40c4a2df3946864598b1251396c7d9bd813203d82710788cce0"
        }
      ],
      "licenses" : [
        {
          "license" : {
            "id" : "Apache-2.0"
          }
        }
      ],
      "purl" : "pkg:maven/org.opentest4j/opentest4j@1.3.0?type=jar",
      "externalReferences" : [
        {
          "type" : "website",
          "url" : "https://github.com/ota4j-team/opentest4j"
        },
        {
          "type" : "vcs",
          "url" : "https://github.com/ota4j-team/opentest4j"
        }
      ]
    },
    {
      "type" : "library",
      "bom-ref" : "pkg:maven/org.junit.platform/junit-platform-commons@1.12.2?type=jar",
      "group" : "org.junit.platform",
      "name" : "junit-platform-commons",
      "version" : "1.12.2",
      "description" : "Module \"junit-platform-commons\" of JUnit 5.",
      "scope" : "required",
      "hashes" : [
        {
          "alg" : "MD5",
          "content" : "ee5021f0b2cc09d82fdf4d4c9075cd4e"
        },
        {
          "alg" : "SHA-1",
          "content" : "b89e88a89ee009937374a4c96912e007b34c8e35"
        },
        {
          "alg" : "SHA-256",
          "content" : "e683a01e85dfabea520c056ac6015a6162756e602ec653c0da85e233f0afbc18"
        },
        {
          "alg" : "SHA-512",
          "content" : "633fc69494adde3750ae5003097bbeea1b7d4b68a079f11dac53733ce00eb7e00d1cd5276879ce88a5b1e6889f100b07b422c1f9e575485e86c3cccc8b06dbfa"
        },
        {
          "alg" : "SHA-384",
          "content" : "638caf5e426b79edb65703b3c992510b418666bcaca1883b695df77d3f2ced4e730a8d14f7cba42f31651eb9a9a5bec5"
        },
        {
          "alg" : "SHA3-384",
          "content" : "fa5ae501edb1521ec2ba7953a6a28ab242114b7e83bfd1f340250d9d1710073c94abb04c89be12f56078162237144b1d"
        },
        {
          "alg" : "SHA3-256",
          "content" : "f2686ea2425a14b3d8c41058bdd5895c4d0408624f4e270fa9314dbc4e34460b"
        },
        {
          "alg" : "SHA3-512",
          "content" : "235c504dccc54400d90482e99148ae5016088c41e41d8cde396c7ceaf69a5232ebaf4b4c9c58a0dd6503681a419b3dd9770525ad32ee57da8fc01164a27eec62"
        }
      ],
      "licenses" : [
        {
          "license" : {
            "id" : "EPL-2.0"
          }
        }
      ],
      "purl" : "pkg:maven/org.junit.platform/junit-platform-commons@1.12.2?type=jar",
      "externalReferences" : [
        {
          "type" : "website",
          "url" : "https://junit.org/junit5/"
        },
        {
          "type" : "vcs",
          "url" : "https://github.com/junit-team/junit5"
        }
      ]
    },
    {
      "type" : "library",
      "bom-ref" : "pkg:maven/org.apiguardian/apiguardian-api@1.1.2?type=jar",
      "group" : "org.apiguardian",
      "name" : "apiguardian-api",
      "version" : "1.1.2",
      "description" : "@API Guardian",
      "scope" : "required",
      "hashes" : [
        {
          "alg" : "MD5",
          "content" : "8c7de3f82037fa4a2e8be2a2f13092af"
        },
        {
          "alg" : "SHA-1",
          "content" : "a231e0d844d2721b0fa1b238006d15c6ded6842a"
        },
        {
          "alg" : "SHA-256",
          "content" : "b509448ac506d607319f182537f0b35d71007582ec741832a1f111e5b5b70b38"
        },
        {
          "alg" : "SHA-512",
          "content" : "d7ccd0e7019f1a997de39d66dc0ad4efe150428fdd7f4c743c93884f1602a3e90135ad34baea96d5b6d925ad6c0c8487c8e78304f0a089a12383d4a62e2c9a61"
        },
        {
          "alg" : "SHA-384",
          "content" : "5ae11cfedcee7da43a506a67946ddc8a7a2622284a924ba78f74541e9a22db6868a15f5d84edb91a541e38afded734ea"
        },
        {
          "alg" : "SHA3-384",
          "content" : "c146116b3dfd969200b2ce52d96b92dd02d6f5a45a86e7e85edf35600ddbc2f3c6e8a1ad7e2db4dcd2c398c09fad0927"
        },
        {
          "alg" : "SHA3-256",
          "content" : "b4b436d7f615fc0b820204e69f83c517d1c1ccc5f6b99e459209ede4482268de"
        },
        {
          "alg" : "SHA3-512",
          "content" : "7b95b7ac68a6891b8901b5507acd2c24a0c1e20effa63cd513764f513eab4eb55f8de5178edbe0a400c11f3a18d3f56243569d6d663100f06dd98288504c09c5"
        }
      ],
      "licenses" : [
        {
          "license" : {
            "id" : "Apache-2.0"
          }
        }
      ],
      "purl" : "pkg:maven/org.apiguardian/apiguardian-api@1.1.2?type=jar",
      "externalReferences" : [
        {
          "type" : "website",
          "url" : "https://github.com/apiguardian-team/apiguardian"
        },
        {
          "type" : "vcs",
          "url" : "https://github.com/apiguardian-team/apiguardian"
        }
      ]
    },
    {
      "type" : "library",
      "bom-ref" : "pkg:maven/org.junit.jupiter/junit-jupiter-params@5.12.2?type=jar",
      "group" : "org.junit.jupiter",
      "name" : "junit-jupiter-params",
      "version" : "5.12.2",
      "description" : "Module \"junit-jupiter-params\" of JUnit 5.",
      "scope" : "required",
      "hashes" : [
        {
          "alg" : "MD5",
          "content" : "8884e6a6c9a15e6cc2d175307107fb2e"
        },
        {
          "alg" : "SHA-1",
          "content" : "77077cdfaf5b2a4251020bf617b1fe06c1f073f7"
        },
        {
          "alg" : "SHA-256",
          "content" : "2ddb56b38a907f6575b64826362d11a43741763492539f416254d63157243a42"
        },
        {
          "alg" : "SHA-512",
          "content" : "ae9bca9ef2cebf56d5a852dfb4517c985402e30f55c56d258f84862c8113153256ff1b4ae8ac559eac639e6f66dec15e9580568baaada9def6276819f65ce957"
        },
        {
          "alg" : "SHA-384",
          "content" : "c1363e550122d8690760b393725ccb363745f086605cf991947d69f6c61259d087a268879240fdafabb1cea507d38208"
        },
        {
          "alg" : "SHA3-384",
          "content" : "c7d6165d5d69c189a486ebf8c365069ca3d111930035eb333d3a7bf2618b1bc8f5b881002b0e076bed1d774bab6b9d88"
        },
        {
          "alg" : "SHA3-256",
          "content" : "ae9288dfec8a75b89b854d4308ba01c31e9e5cb6c0d8920172afb2dc81705811"
        },
        {
          "alg" : "SHA3-512",
          "content" : "c4cba7a8cd97a1d60fc1e05b0d7d47e2895cab56585d34add1813da18dea592fc4a7206abce3ba2dfee1d3cea03bbad52f6e728c339da9bfa64a747108fd5115"
        }
      ],
      "licenses" : [
        {
          "license" : {
            "id" : "EPL-2.0"
          }
        }
      ],
      "purl" : "pkg:maven/org.junit.jupiter/junit-jupiter-params@5.12.2?type=jar",
      "externalReferences" : [
        {
          "type" : "website",
          "url" : "https://junit.org/junit5/"
        },
        {
          "type" : "vcs",
          "url" : "https://github.com/junit-team/junit5"
        }
      ]
    },
    {
      "type" : "library",
      "bom-ref" : "pkg:maven/org.junit.jupiter/junit-jupiter-engine@5.12.2?type=jar",
      "group" : "org.junit.jupiter",
      "name" : "junit-jupiter-engine",
      "version" : "5.12.2",
      "description" : "Module \"junit-jupiter-engine\" of JUnit 5.",
      "scope" : "required",
      "hashes" : [
        {
          "alg" : "MD5",
          "content" : "54a0988067553b8e95b40e9d3ff767bc"
        },
        {
          "alg" : "SHA-1",
          "content" : "c2bf1702c1c26e30576c16395e8054670c47d37f"
        },
        {
          "alg" : "SHA-256",
          "content" : "46ba7221b9d971ff69352bdc6d547bec3fffd6bb6f648969b5a5d6f45817094e"
        },
        {
          "alg" : "SHA-512",
          "content" : "45070f3480d18d92822031256d2e23b590da3ab4cb606da60c0a9e2ad81298e54a2789b1e1fbf332f9c215a092c17b21b638f0276ab112b48654ad23764ef19a"
        },
        {
          "alg" : "SHA-384",
          "content" : "f4797e5e85a846b697d5ec43d8d667ae75dd122d79dce8c9fa01f9440d14b345d474b1d8ddabd789c7b82d63d4039f45"
        },
        {
          "alg" : "SHA3-384",
          "content" : "f229f6ee71e1ef4bd3c3450df51c5d942a38aaa925405450cdf83eb388815d94cb5da26017a4fa57e243587ba2ff0cc4"
        },
        {
          "alg" : "SHA3-256",
          "content" : "fbaed23487c73bedb91c1e56aa232b0c73514d9a8c23c62d27579f42c064d02e"
        },
        {
          "alg" : "SHA3-512",
          "content" : "efc4ea8e65d11041dba13c4fcb459e20584f95b6425636ba657823365020550d5014fe3b019228f2b05ff8e65502dee3583aa2213c4a89f952f42e74acc9e093"
        }
      ],
      "licenses" : [
        {
          "license" : {
            "id" : "EPL-2.0"
          }
        }
      ],
      "purl" : "pkg:maven/org.junit.jupiter/junit-jupiter-engine@5.12.2?type=jar",
      "externalReferences" : [
        {
          "type" : "website",
          "url" : "https://junit.org/junit5/"
        },
        {
          "type" : "vcs",
          "url" : "https://github.com/junit-team/junit5"
        }
      ]
    },
    {
      "type" : "library",
      "bom-ref" : "pkg:maven/org.junit.platform/junit-platform-engine@1.12.2?type=jar",
      "group" : "org.junit.platform",
      "name" : "junit-platform-engine",
      "version" : "1.12.2",
      "description" : "Module \"junit-platform-engine\" of JUnit 5.",
      "scope" : "required",
      "hashes" : [
        {
          "alg" : "MD5",
          "content" : "a28e43677b7d9519f5e87490356994f8"
        },
        {
          "alg" : "SHA-1",
          "content" : "8519ece93f91b8115705d36be2c36d49808935cd"
        },
        {
          "alg" : "SHA-256",
          "content" : "cef0efcb5bd2e05e2b808d38bab5c655089c0c3001527376e74cb606a7911ec8"
        },
        {
          "alg" : "SHA-512",
          "content" : "e240f0a2ac871683fb327d27cf75e1a3887df1316b7a828ff2a17bd496e4fb48ca44b9d49c8bf1164683f155410fddf623a3beaae61608e4af76342eae484edc"
        },
        {
          "alg" : "SHA-384",
          "content" : "ad2d9ff799732f0a42b833121c400c3237f58f9c20e698760d1643cf393f715fff9f5875880456ad6b4a5ce6fc33f9c3"
        },
        {
          "alg" : "SHA3-384",
          "content" : "f41049424bb8390bdbc6361f5954553b2ce9a1cea543bd44f147ce120c7908803d8fc14614a2118300e6405bf67e9718"
        },
        {
          "alg" : "SHA3-256",
          "content" : "38e025131be3924ec93088cf52be79b490c95950fb08b55d940ffbc86a3e5635"
        },
        {
          "alg" : "SHA3-512",
          "content" : "2f50ddc38dfadf86ba174e90465e6d9470c4ceb8310a11bb14c2ad975291fa8b2fdb1dc4357eb5c15d6875d9b515fe08ef710aefc77974813c76fb226d73e7a2"
        }
      ],
      "licenses" : [
        {
          "license" : {
            "id" : "EPL-2.0"
          }
        }
      ],
      "purl" : "pkg:maven/org.junit.platform/junit-platform-engine@1.12.2?type=jar",
      "externalReferences" : [
        {
          "type" : "website",
          "url" : "https://junit.org/junit5/"
        },
        {
          "type" : "vcs",
          "url" : "https://github.com/junit-team/junit5"
        }
      ]
    },
    {
      "type" : "library",
      "bom-ref" : "pkg:maven/org.mockito/mockito-core@5.17.0?type=jar",
      "group" : "org.mockito",
      "name" : "mockito-core",
      "version" : "5.17.0",
      "description" : "Mockito mock objects library core API and implementation",
      "scope" : "required",
      "hashes" : [
        {
          "alg" : "MD5",
          "content" : "9c93b9bc6866e867e662969fe2413e84"
        },
        {
          "alg" : "SHA-1",
          "content" : "f5fe5a2f94eb65f4f83ca0607bfe13ec0d9c6f3b"
        },
        {
          "alg" : "SHA-256",
          "content" : "dff59ad8c61b026ef86cc113f94f2301eb06caaf81dec30c78a96a1a65595c5e"
        },
        {
          "alg" : "SHA-512",
          "content" : "58801fa7021dd48aa8bb784766ecbdf5afb88df0a5f462800d7f0eb97b31324f20d1f6e08e8ad6c3fc73be8a341701b848a7c48a71c4403ad73502366ada82cd"
        },
        {
          "alg" : "SHA-384",
          "content" : "f458ce08ebf44536ee1489b6c076083b9a0fba1de34d6ef86e65f3a0902bf940b6703f8f203c8abb65dae14c555e321f"
        },
        {
          "alg" : "SHA3-384",
          "content" : "49a166b708fd4d05c0b6ab287c31d339fcdad7e3cce45f4d7ac39c28df478d96e45d6093da7afab2e3f9b1c3f0a137d0"
        },
        {
          "alg" : "SHA3-256",
          "content" : "7ab194b29106ac05dc80fa6979093f5899615dc0da43cdfbe7f87a14f10eca8a"
        },
        {
          "alg" : "SHA3-512",
          "content" : "463e13b51e92160562d33732b206467dfaefd2a9d95b0e232935df7ae68f858673260737ecb52ce8a97a5dd44b4c058c03481dcce26c50e89259c2fad6c068c5"
        }
      ],
      "licenses" : [
        {
          "license" : {
            "id" : "MIT",
            "url" : "https://opensource.org/license/mit/"
          }
        }
      ],
      "purl" : "pkg:maven/org.mockito/mockito-core@5.17.0?type=jar",
      "externalReferences" : [
        {
          "type" : "website",
          "url" : "https://github.com/mockito/mockito"
        },
        {
          "type" : "build-system",
          "url" : "https://github.com/mockito/mockito/actions"
        },
        {
          "type" : "issue-tracker",
          "url" : "https://github.com/mockito/mockito/issues"
        },
        {
          "type" : "vcs",
          "url" : "https://github.com/mockito/mockito.git"
        }
      ]
    },
    {
      "type" : "library",
      "bom-ref" : "pkg:maven/net.bytebuddy/byte-buddy-agent@1.17.8?type=jar",
      "group" : "net.bytebuddy",
      "name" : "byte-buddy-agent",
      "version" : "1.17.8",
      "description" : "The Byte Buddy agent offers convenience for attaching an agent to the local or a remote VM.",
      "scope" : "required",
      "hashes" : [
        {
          "alg" : "MD5",
          "content" : "c6a66a1f26a382fa4727a74a7f197ed5"
        },
        {
          "alg" : "SHA-1",
          "content" : "f09415827a71be7ed621c7bd02550678f28bc81c"
        },
        {
          "alg" : "SHA-256",
          "content" : "5b17113e66e77ca6f8af07ff367c216df964a980f0e9f11e3b1aa793253aa64f"
        },
        {
          "alg" : "SHA-512",
          "content" : "b940d7f666d267caa918b0d0af0ac2937d0ed17980d4d10fdf7a67022788ed16fbcca1f7bf11e4de434defba3e57ac0364a9b9499a2afca33bd099e9a2ac954d"
        },
        {
          "alg" : "SHA-384",
          "content" : "9287449e181d622eabf6e3d951bd9e6c037fcf1719c0a2d6552dfc61be9e90bffe6c8eae4adf48662cbf90947cf1808b"
        },
        {
          "alg" : "SHA3-384",
          "content" : "d9a1117421002c62f5415e08e81047d36be3793c5e3e97e96ad12a6e08c42f7bdfcfa6bb7f7ccfef87ab0e33498dd4cc"
        },
        {
          "alg" : "SHA3-256",
          "content" : "1dfeb81c00e51b007dcb58090a16858d774e4c9036458bdc0f30c14288c6e7ea"
        },
        {
          "alg" : "SHA3-512",
          "content" : "445934712067642d391cdd65b95b9089ca5e39651d27384a74c447f4a4e56e23035b2374772823e8b623fabce3e89491ca3a5b549d7e045bddff4b3cb20a8fc0"
        }
      ],
      "licenses" : [
        {
          "license" : {
            "id" : "Apache-2.0"
          }
        }
      ],
      "purl" : "pkg:maven/net.bytebuddy/byte-buddy-agent@1.17.8?type=jar",
      "externalReferences" : [
        {
          "type" : "website",
          "url" : "https://bytebuddy.net/byte-buddy-agent"
        },
        {
          "type" : "issue-tracker",
          "url" : "https://github.com/raphw/byte-buddy/issues"
        }
      ]
    },
    {
      "type" : "library",
      "bom-ref" : "pkg:maven/org.objenesis/objenesis@3.3?type=jar",
      "publisher" : "Joe Walnes, Henri Tremblay, Leonardo Mesquita",
      "group" : "org.objenesis",
      "name" : "objenesis",
      "version" : "3.3",
      "description" : "A library for instantiating Java objects",
      "scope" : "required",
      "hashes" : [
        {
          "alg" : "MD5",
          "content" : "ab0e0b2ab81affdd7f38bcc60fd85571"
        },
        {
          "alg" : "SHA-1",
          "content" : "1049c09f1de4331e8193e579448d0916d75b7631"
        },
        {
          "alg" : "SHA-256",
          "content" : "02dfd0b0439a5591e35b708ed2f5474eb0948f53abf74637e959b8e4ef69bfeb"
        },
        {
          "alg" : "SHA-512",
          "content" : "1fa990d15bd179f07ffbc460d580a6fd0562e45dee8bd4a9405917536b78f45c0d6f644b67f85d781c758aa56eff90aef23eedcc9bd7f5ff887a67b716083e61"
        },
        {
          "alg" : "SHA-384",
          "content" : "2f6878f91a12db32c244afcee619d57c3ad6ff0297f4e41c2247e737c1ccc5fcc1ce03256b479b0f9b87900410bc4502"
        },
        {
          "alg" : "SHA3-384",
          "content" : "a3dd9f6908fe732900d50eb209988183ffcf511afb4e401ef95b75c51777709d2d10e1dc9ee386b7357c5c2cbcf8c00e"
        },
        {
          "alg" : "SHA3-256",
          "content" : "fd2b66d174ed68cbfcda41d5cbd29db766c5676866d6b2324b446a87afab3a9f"
        },
        {
          "alg" : "SHA3-512",
          "content" : "ef509e8bcea73bc282287205ffc7625508080be44c16948137274f189459624891dcf109118c9feff109e1aa99becf176f8db837ac4fd586201510c3ae2ea30a"
        }
      ],
      "licenses" : [
        {
          "license" : {
            "id" : "Apache-2.0"
          }
        }
      ],
      "purl" : "pkg:maven/org.objenesis/objenesis@3.3?type=jar",
      "externalReferences" : [
        {
          "type" : "website",
          "url" : "http://objenesis.org/objenesis"
        },
        {
          "type" : "distribution-intake",
          "url" : "https://oss.sonatype.org/service/local/staging/deploy/maven2/"
        },
        {
          "type" : "vcs",
          "url" : "https://github.com/easymock/objenesis/objenesis"
        }
      ]
    },
    {
      "type" : "library",
      "bom-ref" : "pkg:maven/org.mockito/mockito-junit-jupiter@5.17.0?type=jar",
      "group" : "org.mockito",
      "name" : "mockito-junit-jupiter",
      "version" : "5.17.0",
      "description" : "Mockito JUnit 5 support",
      "scope" : "required",
      "hashes" : [
        {
          "alg" : "MD5",
          "content" : "ae634f25cb77302c4b40f9375ba7791e"
        },
        {
          "alg" : "SHA-1",
          "content" : "4399e19e3fb5b55230027583323e4c883d5da07d"
        },
        {
          "alg" : "SHA-256",
          "content" : "5c5442f8aaaa8f03df03e4862a0d69205d1b41f5edbf7d5aa7a2486a61de49b7"
        },
        {
          "alg" : "SHA-512",
          "content" : "843c021f571cb64a04b0d53058246a2060e834710a85c2935cb591afe6a154795dbb17b7cb2257ef5271a2de2870b85a924678f98d0a90550a5cc7afc53a506a"
        },
        {
          "alg" : "SHA-384",
          "content" : "0e3dddc95832cdcd58905ec13670d7979ae32858b80e5dfea0a277373f7aaf6c3b319520b7aaf48a56e30dfa8b733ba4"
        },
        {
          "alg" : "SHA3-384",
          "content" : "dba30a15bdd395615f3f880223a2b6550251bb67d677da895b9274a0237a8f738b6fa07296db445d5c9ced8ec2c910c1"
        },
        {
          "alg" : "SHA3-256",
          "content" : "9535e74c654ec55484f277fc39203937142addd21faa36c5e88091be4204da38"
        },
        {
          "alg" : "SHA3-512",
          "content" : "c094c9197dd7b619d379a5ce68bf029bc02b62a8932fb0698a043151760be6f98595d2ced6d50bfa69a39fc740ee470aae414f6ef6bc5d98c68613ae760a367d"
        }
      ],
      "licenses" : [
        {
          "license" : {
            "id" : "MIT",
            "url" : "https://opensource.org/license/mit/"
          }
        }
      ],
      "purl" : "pkg:maven/org.mockito/mockito-junit-jupiter@5.17.0?type=jar",
      "externalReferences" : [
        {
          "type" : "website",
          "url" : "https://github.com/mockito/mockito"
        },
        {
          "type" : "build-system",
          "url" : "https://github.com/mockito/mockito/actions"
        },
        {
          "type" : "issue-tracker",
          "url" : "https://github.com/mockito/mockito/issues"
        },
        {
          "type" : "vcs",
          "url" : "https://github.com/mockito/mockito.git"
        }
      ]
    },
    {
      "type" : "library",
      "bom-ref" : "pkg:maven/org.skyscreamer/jsonassert@1.5.3?type=jar",
      "group" : "org.skyscreamer",
      "name" : "jsonassert",
      "version" : "1.5.3",
      "description" : "Write JSON unit tests in less code. Great for testing REST interfaces.",
      "scope" : "required",
      "hashes" : [
        {
          "alg" : "MD5",
          "content" : "aee6947b4d626e3e37c21c7ac7652ae6"
        },
        {
          "alg" : "SHA-1",
          "content" : "aaa43e0823d2a0e106e8754d6a9c4ab24e05e9bc"
        },
        {
          "alg" : "SHA-256",
          "content" : "719095c07d4203961320da593441d8b3b643c18eb1d81aa98ea933bb7eb351ba"
        },
        {
          "alg" : "SHA-512",
          "content" : "63506721e8e902d21a013ba2e32e964a4eecb91584b58e911465382f5a0bf16af202daad01ca7ea16e2f0c489869cf41008b8669d81130c78b245da7aae41928"
        },
        {
          "alg" : "SHA-384",
          "content" : "b7050f811e9afc925024642fecd0df489fa54ea1fcbce8904efd047bb827e28fb508336d39b9c196892d108455f81abf"
        },
        {
          "alg" : "SHA3-384",
          "content" : "4604ae28a6774ada5e93eeb1f19d68b052d0b8b341d4b4612519c284a5f3b02acbd17e500fab6a0cacbb042e269f4bac"
        },
        {
          "alg" : "SHA3-256",
          "content" : "3e5cfea37090d1a5142b7902b1a546af8459f25b317760353d8636beca684d3e"
        },
        {
          "alg" : "SHA3-512",
          "content" : "93b71732ea8b5828f5819e93ad945a8e1b51aee5d3fb7443c05d08b98014c8df12de3951afb70436e8a2c459908456ff59470a0a0b54b76a78aa89bca49af46d"
        }
      ],
      "licenses" : [
        {
          "license" : {
            "id" : "Apache-2.0"
          }
        }
      ],
      "purl" : "pkg:maven/org.skyscreamer/jsonassert@1.5.3?type=jar",
      "externalReferences" : [
        {
          "type" : "website",
          "url" : "https://github.com/skyscreamer/JSONassert"
        }
      ]
    },
    {
      "type" : "library",
      "bom-ref" : "pkg:maven/com.vaadin.external.google/android-json@0.0.20131108.vaadin1?type=jar",
      "group" : "com.vaadin.external.google",
      "name" : "android-json",
      "version" : "0.0.20131108.vaadin1",
      "description" : "  JSON (JavaScript Object Notation) is a lightweight data-interchange format. This is the org.json compatible Android implementation extracted from the Android SDK  ",
      "scope" : "required",
      "hashes" : [
        {
          "alg" : "MD5",
          "content" : "10612241a9cc269501a7a2b8a984b949"
        },
        {
          "alg" : "SHA-1",
          "content" : "fa26d351fe62a6a17f5cda1287c1c6110dec413f"
        },
        {
          "alg" : "SHA-256",
          "content" : "dfb7bae2f404cfe0b72b4d23944698cb716b7665171812a0a4d0f5926c0fac79"
        },
        {
          "alg" : "SHA-512",
          "content" : "c4a06a0a3ce7bdbee702c06944265c050a4c8d2fbd21c248936e2edfdab63acea30f2cf3568d3c21a559940d939985a8b10d30aff972a3e8cbeb392c0b02da3a"
        },
        {
          "alg" : "SHA-384",
          "content" : "60d1044b5439cdf5eb621118cb0581365ab4f023a30998b238b87854236f03d8395d45b0262fb812335ff904cb77f25f"
        },
        {
          "alg" : "SHA3-384",
          "content" : "b80ebdbec2127279ca402ca52e50374d3ca773376258f6aa588b442822ee7362de8cca206db71b79862bde84018cf450"
        },
        {
          "alg" : "SHA3-256",
          "content" : "6285b1ac8ec5fd339c7232affd9c08e6daf91dfa18ef8ae7855f52281d76627e"
        },
        {
          "alg" : "SHA3-512",
          "content" : "de7ed83f73670213b4eeacfd7b3ceb7fec7d88ac877f41aeaacf43351d04b34572f2edc9a8f623af5b3fccab3dac2cc048f5c8803c1d4dcd1ff975cd6005124d"
        }
      ],
      "licenses" : [
        {
          "license" : {
            "id" : "Apache-2.0",
            "url" : "https://www.apache.org/licenses/LICENSE-2.0"
          }
        }
      ],
      "purl" : "pkg:maven/com.vaadin.external.google/android-json@0.0.20131108.vaadin1?type=jar",
      "externalReferences" : [
        {
          "type" : "website",
          "url" : "http://developer.android.com/sdk"
        },
        {
          "type" : "distribution-intake",
          "url" : "http://oss.sonatype.org/content/repositories/vaadin-releases/"
        },
        {
          "type" : "vcs",
          "url" : "http://developer.android.com/sdk/"
        }
      ]
    },
    {
      "type" : "library",
      "bom-ref" : "pkg:maven/org.springframework/spring-test@6.2.19?type=jar",
      "publisher" : "Spring IO",
      "group" : "org.springframework",
      "name" : "spring-test",
      "version" : "6.2.19",
      "description" : "Spring TestContext Framework",
      "scope" : "required",
      "hashes" : [
        {
          "alg" : "MD5",
          "content" : "0d0aed4e9048230535ae71baee833ee3"
        },
        {
          "alg" : "SHA-1",
          "content" : "e49cfc2dab98a634bdc3e24db8e021c5125d3ffd"
        },
        {
          "alg" : "SHA-256",
          "content" : "f1cb8549021f50630b4152291fdcde56786421b8448a5ab8bef9befe2ac86b37"
        },
        {
          "alg" : "SHA-512",
          "content" : "ba6cf9363e6f287095153a258a98ddc15418932eb60618ecba6e3d809fa8a85ccd4381b10951b6bf3000059be637f3304b4f8cbfe44ce4c4630746fbbc27af3d"
        },
        {
          "alg" : "SHA-384",
          "content" : "226a116ec8fabb8b120cbe17c5deff8099cd40b56b1825779b2e2e49bc2c7e02dc79c8dd6dc8758cd4acf96a6eeccd3f"
        },
        {
          "alg" : "SHA3-384",
          "content" : "6098eb7859942a29ca035df87603476ed4903b27d4b624bdbeb8767ed03b343572b84b39cc20a89f636e8f1730cdb41f"
        },
        {
          "alg" : "SHA3-256",
          "content" : "132fa40cd75ce64b2aad42a56fe8005ad545eb0054a26e6fb294808b2af52013"
        },
        {
          "alg" : "SHA3-512",
          "content" : "09f623972e46a592ca0ca499e145f3cd86048cef92b045958aa911b2679bdf10e92caf4c1a998e2158f639dcfba1225d63b25d43e51012bc3b5fcc31e6fe2354"
        }
      ],
      "licenses" : [
        {
          "license" : {
            "id" : "Apache-2.0"
          }
        }
      ],
      "purl" : "pkg:maven/org.springframework/spring-test@6.2.19?type=jar",
      "externalReferences" : [
        {
          "type" : "website",
          "url" : "https://github.com/spring-projects/spring-framework"
        },
        {
          "type" : "issue-tracker",
          "url" : "https://github.com/spring-projects/spring-framework/issues"
        },
        {
          "type" : "vcs",
          "url" : "https://github.com/spring-projects/spring-framework"
        }
      ]
    },
    {
      "type" : "library",
      "bom-ref" : "pkg:maven/org.xmlunit/xmlunit-core@2.10.4?type=jar",
      "publisher" : "XMLUnit",
      "group" : "org.xmlunit",
      "name" : "xmlunit-core",
      "version" : "2.10.4",
      "description" : "XMLUnit for Java",
      "scope" : "required",
      "hashes" : [
        {
          "alg" : "MD5",
          "content" : "f675e71e0cc27f92176dfee932f55dc7"
        },
        {
          "alg" : "SHA-1",
          "content" : "eff1eddcdb52fdeaa7e28ca68301db49361d8bec"
        },
        {
          "alg" : "SHA-256",
          "content" : "208e0cee82aedd9183937e4b9ae44b83884179f724a706bef5795477acfcca91"
        },
        {
          "alg" : "SHA-512",
          "content" : "1a62d443101e55360b28a1aa0444a421cb4e9d7403cd8f2c6b9702920ec89609866edbbb3b0a01eb036dce972dd226782fd3d4c4d0e7f27f888ac92348377a0f"
        },
        {
          "alg" : "SHA-384",
          "content" : "9646ccde325200535bcd1e858f3d9273bc9526ad594dda5939112dc92a173573e65961f99bf7f3b67040c777630c225a"
        },
        {
          "alg" : "SHA3-384",
          "content" : "09ad502d966d0e494e64c8ba3d7c7462c97d8a7577f9653f126cd19a609d46750a40828d6980905c9e6fa88908dbfff9"
        },
        {
          "alg" : "SHA3-256",
          "content" : "b1e389b58cfc09b9f8454ce9c6c6ebd555555e5c05d0760f4d915408038cb0d6"
        },
        {
          "alg" : "SHA3-512",
          "content" : "2803cc9dcc960b438726cd96962c66953ee6ac1524699f9dec26b06987163d628725c6d4aee9eef3669a941ab81c5dcb51d4b87f1b94d0fde9da1f3e334d46a3"
        }
      ],
      "licenses" : [
        {
          "license" : {
            "id" : "Apache-2.0"
          }
        }
      ],
      "purl" : "pkg:maven/org.xmlunit/xmlunit-core@2.10.4?type=jar",
      "externalReferences" : [
        {
          "type" : "website",
          "url" : "https://www.xmlunit.org/"
        },
        {
          "type" : "issue-tracker",
          "url" : "https://github.com/xmlunit/xmlunit/issues"
        },
        {
          "type" : "mailing-list",
          "url" : "https://sourceforge.net/p/xmlunit/mailman/xmlunit-general/"
        }
      ]
    }
  ],
  "dependencies" : [
    {
      "ref" : "pkg:maven/com.example/missing-recipe-repro-parent@0.0.1-SNAPSHOT?type=pom",
      "dependsOn" : [
        "pkg:maven/com.example/missing-recipe-repro-app@0.0.1-SNAPSHOT?type=jar"
      ]
    },
    {
      "ref" : "pkg:maven/com.example/missing-recipe-repro-app@0.0.1-SNAPSHOT?type=jar",
      "dependsOn" : [
        "pkg:maven/org.springframework.boot/spring-boot-starter@3.5.16?type=jar",
        "pkg:maven/org.springframework.boot/spring-boot-starter-test@3.5.16?type=jar"
      ]
    },
    {
      "ref" : "pkg:maven/org.springframework.boot/spring-boot-starter@3.5.16?type=jar",
      "dependsOn" : [
        "pkg:maven/org.springframework.boot/spring-boot@3.5.16?type=jar",
        "pkg:maven/org.springframework.boot/spring-boot-autoconfigure@3.5.16?type=jar",
        "pkg:maven/org.springframework.boot/spring-boot-starter-logging@3.5.16?type=jar",
        "pkg:maven/jakarta.annotation/jakarta.annotation-api@2.1.1?type=jar",
        "pkg:maven/org.springframework/spring-core@6.2.19?type=jar",
        "pkg:maven/org.yaml/snakeyaml@2.4?type=jar"
      ]
    },
    {
      "ref" : "pkg:maven/org.springframework.boot/spring-boot@3.5.16?type=jar",
      "dependsOn" : [
        "pkg:maven/org.springframework/spring-core@6.2.19?type=jar",
        "pkg:maven/org.springframework/spring-context@6.2.19?type=jar"
      ]
    },
    {
      "ref" : "pkg:maven/org.springframework/spring-core@6.2.19?type=jar",
      "dependsOn" : [
        "pkg:maven/org.springframework/spring-jcl@6.2.19?type=jar"
      ]
    },
    {
      "ref" : "pkg:maven/org.springframework/spring-jcl@6.2.19?type=jar",
      "dependsOn" : [ ]
    },
    {
      "ref" : "pkg:maven/org.springframework/spring-context@6.2.19?type=jar",
      "dependsOn" : [
        "pkg:maven/org.springframework/spring-aop@6.2.19?type=jar",
        "pkg:maven/org.springframework/spring-beans@6.2.19?type=jar",
        "pkg:maven/org.springframework/spring-core@6.2.19?type=jar",
        "pkg:maven/org.springframework/spring-expression@6.2.19?type=jar",
        "pkg:maven/io.micrometer/micrometer-observation@1.15.12?type=jar"
      ]
    },
    {
      "ref" : "pkg:maven/org.springframework/spring-aop@6.2.19?type=jar",
      "dependsOn" : [
        "pkg:maven/org.springframework/spring-beans@6.2.19?type=jar",
        "pkg:maven/org.springframework/spring-core@6.2.19?type=jar"
      ]
    },
    {
      "ref" : "pkg:maven/org.springframework/spring-beans@6.2.19?type=jar",
      "dependsOn" : [
        "pkg:maven/org.springframework/spring-core@6.2.19?type=jar"
      ]
    },
    {
      "ref" : "pkg:maven/org.springframework/spring-expression@6.2.19?type=jar",
      "dependsOn" : [
        "pkg:maven/org.springframework/spring-core@6.2.19?type=jar"
      ]
    },
    {
      "ref" : "pkg:maven/io.micrometer/micrometer-observation@1.15.12?type=jar",
      "dependsOn" : [
        "pkg:maven/io.micrometer/micrometer-commons@1.15.12?type=jar"
      ]
    },
    {
      "ref" : "pkg:maven/io.micrometer/micrometer-commons@1.15.12?type=jar",
      "dependsOn" : [ ]
    },
    {
      "ref" : "pkg:maven/org.springframework.boot/spring-boot-autoconfigure@3.5.16?type=jar",
      "dependsOn" : [
        "pkg:maven/org.springframework.boot/spring-boot@3.5.16?type=jar"
      ]
    },
    {
      "ref" : "pkg:maven/org.springframework.boot/spring-boot-starter-logging@3.5.16?type=jar",
      "dependsOn" : [
        "pkg:maven/ch.qos.logback/logback-classic@1.5.34?type=jar",
        "pkg:maven/org.apache.logging.log4j/log4j-to-slf4j@2.24.3?type=jar",
        "pkg:maven/org.slf4j/jul-to-slf4j@2.0.18?type=jar"
      ]
    },
    {
      "ref" : "pkg:maven/ch.qos.logback/logback-classic@1.5.34?type=jar",
      "dependsOn" : [
        "pkg:maven/ch.qos.logback/logback-core@1.5.34?type=jar",
        "pkg:maven/org.slf4j/slf4j-api@2.0.18?type=jar"
      ]
    },
    {
      "ref" : "pkg:maven/ch.qos.logback/logback-core@1.5.34?type=jar",
      "dependsOn" : [ ]
    },
    {
      "ref" : "pkg:maven/org.slf4j/slf4j-api@2.0.18?type=jar",
      "dependsOn" : [ ]
    },
    {
      "ref" : "pkg:maven/org.apache.logging.log4j/log4j-to-slf4j@2.24.3?type=jar",
      "dependsOn" : [
        "pkg:maven/org.apache.logging.log4j/log4j-api@2.24.3?type=jar",
        "pkg:maven/org.slf4j/slf4j-api@2.0.18?type=jar"
      ]
    },
    {
      "ref" : "pkg:maven/org.apache.logging.log4j/log4j-api@2.24.3?type=jar",
      "dependsOn" : [ ]
    },
    {
      "ref" : "pkg:maven/org.slf4j/jul-to-slf4j@2.0.18?type=jar",
      "dependsOn" : [
        "pkg:maven/org.slf4j/slf4j-api@2.0.18?type=jar"
      ]
    },
    {
      "ref" : "pkg:maven/jakarta.annotation/jakarta.annotation-api@2.1.1?type=jar",
      "dependsOn" : [ ]
    },
    {
      "ref" : "pkg:maven/org.yaml/snakeyaml@2.4?type=jar",
      "dependsOn" : [ ]
    },
    {
      "ref" : "pkg:maven/org.springframework.boot/spring-boot-starter-test@3.5.16?type=jar",
      "dependsOn" : [
        "pkg:maven/org.springframework.boot/spring-boot-starter@3.5.16?type=jar",
        "pkg:maven/org.springframework.boot/spring-boot-test@3.5.16?type=jar",
        "pkg:maven/org.springframework.boot/spring-boot-test-autoconfigure@3.5.16?type=jar",
        "pkg:maven/com.jayway.jsonpath/json-path@2.9.0?type=jar",
        "pkg:maven/jakarta.xml.bind/jakarta.xml.bind-api@4.0.5?type=jar",
        "pkg:maven/net.minidev/json-smart@2.5.2?type=jar",
        "pkg:maven/org.assertj/assertj-core@3.27.7?type=jar",
        "pkg:maven/org.awaitility/awaitility@4.2.2?type=jar",
        "pkg:maven/org.hamcrest/hamcrest@3.0?type=jar",
        "pkg:maven/org.junit.jupiter/junit-jupiter@5.12.2?type=jar",
        "pkg:maven/org.mockito/mockito-core@5.17.0?type=jar",
        "pkg:maven/org.mockito/mockito-junit-jupiter@5.17.0?type=jar",
        "pkg:maven/org.skyscreamer/jsonassert@1.5.3?type=jar",
        "pkg:maven/org.springframework/spring-core@6.2.19?type=jar",
        "pkg:maven/org.springframework/spring-test@6.2.19?type=jar",
        "pkg:maven/org.xmlunit/xmlunit-core@2.10.4?type=jar"
      ]
    },
    {
      "ref" : "pkg:maven/org.springframework.boot/spring-boot-test@3.5.16?type=jar",
      "dependsOn" : [
        "pkg:maven/org.springframework.boot/spring-boot@3.5.16?type=jar",
        "pkg:maven/org.springframework/spring-test@6.2.19?type=jar"
      ]
    },
    {
      "ref" : "pkg:maven/org.springframework/spring-test@6.2.19?type=jar",
      "dependsOn" : [
        "pkg:maven/org.springframework/spring-core@6.2.19?type=jar"
      ]
    },
    {
      "ref" : "pkg:maven/org.springframework.boot/spring-boot-test-autoconfigure@3.5.16?type=jar",
      "dependsOn" : [
        "pkg:maven/org.springframework.boot/spring-boot@3.5.16?type=jar",
        "pkg:maven/org.springframework.boot/spring-boot-test@3.5.16?type=jar",
        "pkg:maven/org.springframework.boot/spring-boot-autoconfigure@3.5.16?type=jar"
      ]
    },
    {
      "ref" : "pkg:maven/com.jayway.jsonpath/json-path@2.9.0?type=jar",
      "dependsOn" : [
        "pkg:maven/net.minidev/json-smart@2.5.2?type=jar",
        "pkg:maven/org.slf4j/slf4j-api@2.0.18?type=jar"
      ]
    },
    {
      "ref" : "pkg:maven/net.minidev/json-smart@2.5.2?type=jar",
      "dependsOn" : [
        "pkg:maven/net.minidev/accessors-smart@2.5.2?type=jar"
      ]
    },
    {
      "ref" : "pkg:maven/net.minidev/accessors-smart@2.5.2?type=jar",
      "dependsOn" : [
        "pkg:maven/org.ow2.asm/asm@9.7.1?type=jar"
      ]
    },
    {
      "ref" : "pkg:maven/org.ow2.asm/asm@9.7.1?type=jar",
      "dependsOn" : [ ]
    },
    {
      "ref" : "pkg:maven/jakarta.xml.bind/jakarta.xml.bind-api@4.0.5?type=jar",
      "dependsOn" : [
        "pkg:maven/jakarta.activation/jakarta.activation-api@2.1.4?type=jar"
      ]
    },
    {
      "ref" : "pkg:maven/jakarta.activation/jakarta.activation-api@2.1.4?type=jar",
      "dependsOn" : [ ]
    },
    {
      "ref" : "pkg:maven/org.assertj/assertj-core@3.27.7?type=jar",
      "dependsOn" : [
        "pkg:maven/net.bytebuddy/byte-buddy@1.17.8?type=jar"
      ]
    },
    {
      "ref" : "pkg:maven/net.bytebuddy/byte-buddy@1.17.8?type=jar",
      "dependsOn" : [ ]
    },
    {
      "ref" : "pkg:maven/org.awaitility/awaitility@4.2.2?type=jar",
      "dependsOn" : [
        "pkg:maven/org.hamcrest/hamcrest@3.0?type=jar"
      ]
    },
    {
      "ref" : "pkg:maven/org.hamcrest/hamcrest@3.0?type=jar",
      "dependsOn" : [ ]
    },
    {
      "ref" : "pkg:maven/org.junit.jupiter/junit-jupiter@5.12.2?type=jar",
      "dependsOn" : [
        "pkg:maven/org.junit.jupiter/junit-jupiter-api@5.12.2?type=jar",
        "pkg:maven/org.junit.jupiter/junit-jupiter-params@5.12.2?type=jar",
        "pkg:maven/org.junit.jupiter/junit-jupiter-engine@5.12.2?type=jar"
      ]
    },
    {
      "ref" : "pkg:maven/org.junit.jupiter/junit-jupiter-api@5.12.2?type=jar",
      "dependsOn" : [
        "pkg:maven/org.opentest4j/opentest4j@1.3.0?type=jar",
        "pkg:maven/org.junit.platform/junit-platform-commons@1.12.2?type=jar",
        "pkg:maven/org.apiguardian/apiguardian-api@1.1.2?type=jar"
      ]
    },
    {
      "ref" : "pkg:maven/org.opentest4j/opentest4j@1.3.0?type=jar",
      "dependsOn" : [ ]
    },
    {
      "ref" : "pkg:maven/org.junit.platform/junit-platform-commons@1.12.2?type=jar",
      "dependsOn" : [
        "pkg:maven/org.apiguardian/apiguardian-api@1.1.2?type=jar"
      ]
    },
    {
      "ref" : "pkg:maven/org.apiguardian/apiguardian-api@1.1.2?type=jar",
      "dependsOn" : [ ]
    },
    {
      "ref" : "pkg:maven/org.junit.jupiter/junit-jupiter-params@5.12.2?type=jar",
      "dependsOn" : [
        "pkg:maven/org.junit.jupiter/junit-jupiter-api@5.12.2?type=jar",
        "pkg:maven/org.apiguardian/apiguardian-api@1.1.2?type=jar"
      ]
    },
    {
      "ref" : "pkg:maven/org.junit.jupiter/junit-jupiter-engine@5.12.2?type=jar",
      "dependsOn" : [
        "pkg:maven/org.junit.platform/junit-platform-engine@1.12.2?type=jar",
        "pkg:maven/org.junit.jupiter/junit-jupiter-api@5.12.2?type=jar",
        "pkg:maven/org.apiguardian/apiguardian-api@1.1.2?type=jar"
      ]
    },
    {
      "ref" : "pkg:maven/org.junit.platform/junit-platform-engine@1.12.2?type=jar",
      "dependsOn" : [
        "pkg:maven/org.opentest4j/opentest4j@1.3.0?type=jar",
        "pkg:maven/org.junit.platform/junit-platform-commons@1.12.2?type=jar",
        "pkg:maven/org.apiguardian/apiguardian-api@1.1.2?type=jar"
      ]
    },
    {
      "ref" : "pkg:maven/org.mockito/mockito-core@5.17.0?type=jar",
      "dependsOn" : [
        "pkg:maven/net.bytebuddy/byte-buddy@1.17.8?type=jar",
        "pkg:maven/net.bytebuddy/byte-buddy-agent@1.17.8?type=jar",
        "pkg:maven/org.objenesis/objenesis@3.3?type=jar"
      ]
    },
    {
      "ref" : "pkg:maven/net.bytebuddy/byte-buddy-agent@1.17.8?type=jar",
      "dependsOn" : [ ]
    },
    {
      "ref" : "pkg:maven/org.objenesis/objenesis@3.3?type=jar",
      "dependsOn" : [ ]
    },
    {
      "ref" : "pkg:maven/org.mockito/mockito-junit-jupiter@5.17.0?type=jar",
      "dependsOn" : [
        "pkg:maven/org.mockito/mockito-core@5.17.0?type=jar",
        "pkg:maven/org.junit.jupiter/junit-jupiter-api@5.12.2?type=jar"
      ]
    },
    {
      "ref" : "pkg:maven/org.skyscreamer/jsonassert@1.5.3?type=jar",
      "dependsOn" : [
        "pkg:maven/com.vaadin.external.google/android-json@0.0.20131108.vaadin1?type=jar"
      ]
    },
    {
      "ref" : "pkg:maven/com.vaadin.external.google/android-json@0.0.20131108.vaadin1?type=jar",
      "dependsOn" : [ ]
    },
    {
      "ref" : "pkg:maven/org.xmlunit/xmlunit-core@2.10.4?type=jar",
      "dependsOn" : [
        "pkg:maven/jakarta.xml.bind/jakarta.xml.bind-api@4.0.5?type=jar"
      ]
    }
  ]
},
  "tools" : [ {
    "name" : "mvn",
    "version" : "3.9.16"
  }, {
    "name" : "java",
    "version" : "25"
  } ]
}
$========= [ build-config.json ] =========


